nome_logradouro;1
JOAO ARANTES;1
CEUTA;1
ERICO VERISSIMO;22
CONTORNO;19
JORGE ANGEL LIVRAGA;2
SEBASTIAO DE BRITO;12
MINISTRO IVAN LINS;1
BOLIVAR MINEIRO;3
ARISTOTELES RIBEIRO VASCONCELOS;3
ANA CARVALHO SILVEIRA;1
MARIA CANDIDA DE JESUS;2
ANA FERREIRA SILVA;1
COSTA DO MARFIM;2
POLYCARPO DE MAGALHAES VIOTTI;1
RENATO TRAVASSOS;1
TITO ALVES PINTO;1
ORSI CONCEICAO MINAS;7
OLGA FRATEZZI;1
ILACIR PEREIRA LIMA;2
CARLOS TURNER;2
ZAIRA DE PAULA;2
LUIZ BALENA;1
ANTONIO BRIGIO PINTO;1
PEDRA CORAL;1
PEDRA DA MATA;1
PEDRA DO MORRO;1
DOIS;3
JOVELINO LACERDA;1
HORACIO TERENA GUIMARAES;5
QUATRO;6
DA LAPA;1
LIGACAO BR DUZENTOS E SESSENTA E DOIS SABARA;4
DEPUTADO JOSE RAIMUNDO;1
SESSENTA E UM;1
PROFESSOR CLOVIS DE FARIA;1
PEDRO CELESTINO MENDONCA;1
MONSENHOR JOAO MARTINS;1
TIPUANA;3
DOS ESPORTES;2
MARIA LUCIA PETIT;3
JOSE ANATOLIO FONTES;1
FRANCISCO CAMPOS;1
PROFESSORA LIBERALINA SANTANA;1
NAVARRA;2
GUIDO LEAO;3
DOUTOR JULIO SOARES;1
FLOR DE FOGO;2
IRMA MARIA SOARES;1
LADA GOMES DE OLIVEIRA;1
ATTILIO DE MORO;3
DIMAS GONCALVES DE MEDEIROS;1
CABO VALERIO SANTOS;2
ISMAEL DE OLIVEIRA FABREGAS;1
PERIMETRAL;25
RADIALISTA BLADIMIR ARAUJO;1
SOLFERINA RICCI PACE;14
HAYDEE ABRAS HOMSSI;1
DOUTOR JEFFERSON DE OLIVEIRA;5
VINTE E OITO DE SETEMBRO;3
JOSUE MENEZES;1
VIOLETA;2
VIRGILIO;4
VIRGINOPOLIS;1
VIRIATO MASCARENHAS;1
VISCONDE DE IBITURUNA;6
VISCONDE DO RIO DAS VELHAS;1
VISCONDE DE TAUNAY;11
VISTA ALEGRE;3
VITOR GONCALVES;1
DORESOPOLIS;5
VITORIA;2
PROFESSOR AIMORE DUTRA;3
VITORIO MARCOLA;2
VOLTA REDONDA;6
VOLTS;6
WALDEMAR ROCHA;1
WASHINGTON;1
WENCESLAU BRAZ;1
ALGA VERDE;1
XIMANGO;1
VERA LUCIA;1
VEREADOR GERALDO PEREIRA;3
VEREDA DO PARAISO;1
VESPASIANO;2
CINCO;2
ITAGUA;4
CARACA;15
EDITH ARAUJO;1
SEBASTIAO ALVES COSTA;1
REYNALDO SMITH CAMARGOS;4
BERNARDA SILVESTRE;5
DOS MONDES;2
LUIZ ANTONIO DE MORAIS;2
DOS INDEPENDENTES;1
PROFESSOR DOMICIO MURTA;4
PAU BRASIL;2
ENGENHEIRO CARLOS GOULART;4
DESEMBARGADOR ONOFRE MENDES JUNIOR;3
CONSUL ANTONIO CADAR;4
PAULO CAMILO PENA;3
WALESKA DE SOUZA;2
FILOMENA REIS DE OLIVEIRA;1
VIAMAO;3
VICENTE DE AZEVEDO;1
VICENTE DE CARVALHO;2
VICENTE CUNHA;1
VICENTE RISOLA;7
VICOSA;5
VILA RICA;17
OSWALDO BRAGA;1
NELIO CERQUEIRA;22
NICOLA COSTA;1
DOUTOR JOSE FEROLLA;1
URARICOERA;1
URCA;1
DO URUGUAI;10
URU�ANGA;4
VALPARAISO;1
VARZEA DA PALMA;1
JOAO ALEXANDRE PIRES;1
VENEZUELA;2
ROBERTO CARLOS DE ALMEIDA CUNHA;2
CARLYLE GUIMARAES CARDOSO;1
HOMERO DE RENAULT BAETA;2
TIMOTEO;7
TRIUNFO;1
TUCUMAN;2
TUIUTI;1
TUPINIQUINS;1
DOS TUPIS;23
TURMALINA;1
ADOLFO BEZERRA DE MENEZES;1
URARIRAMA;2
UARIRA;1
UBA;1
UBERABA;6
CONTAGEM;21
SESOSTRIS LEAL PAIXAO;1
BERNARDO FERREIRA DA CRUZ;5
FARMACEUTICO RAUL MACHADO;4
MARCOS ANTONIO CAVANIS;5
JOVINA GOMES DE SOUZA;3
DIRAMIR LOUREIRO;7
GUILHERMINO ESTEVAO NASCIMENTO;1
SENHOR SIMEONE;7
UNIVERSO;2
JOSE ANSELMO NASCIMENTO;1
PAULO DE OLIVEIRA SANTOS;1
DESEMBARGADOR ARTHUR ALBINO;5
TRES PODERES;1
TRES PONTAS;16
ENGENHEIRO PEDRO BAX;1
MANGABEIRA DA SERRA;1
SAO MIGUEL ARCANJO;2
SANTA RITA;6
OTAVIO FALCAO;1
NATALICIO DE ARAUJO SILVA;1
SAO JOAO;3
JOAO PAULO I;4
ALCIDES PEREIRA DOS SANTOS;1
JOAQUIM HENRIQUES FILHO;1
SALOMAO DE VASCONCELOS;1
WILTON MARQUES PEREIRA;1
PEROBA DO CAMPO;1
CAMBOATA;1
ALDO CASILLO;1
DO GROTAO;1
CARLOS PINTO COELHO;1
PROFESSOR BAETA VIANA;1
ALPINIA;2
DESEMBARGADOR LINCOLN PRATES;1
DOUTOR LUCAS MACHADO;1
TREZE DE SETEMBRO;2
TRIFANA;9
TRINDADE;6
AUGUSTO FRANCO;3
TOMAZ BRANDAO;1
TOMBOS;1
TOME DE SOUZA;7
TOMPSON FLORES;2
TORINO;2
TOSCANA;1
TREMEDAL;1
JOSE FLORA;1
OSVALDO LIMA E SILVA;1
JOAO BAPTISTA VIANNA;1
PASSARO LIRA;1
MARCIANA CARNEIRO;2
EDSON TOMAS SANTOS;1
TRES DE MAIO;1
TAVARES BASTOS;1
TAVARES DE MELO;1
TEBAS;3
TEFE;1
TELES DE MENEZES;1
TEIXEIRA MENDES;1
TENENTE DURVAL;1
TENENTE GARRO;2
TENENTE RENATO CESAR;2
TENENTE VITORINO;1
TENERIFE;1
TEODOMIRA DINIZ LARA;2
TEOFILO GOMES;1
TEOFILO OTONI;3
TEOFILO PIRES;1
TERESA CRISTINA;245
TIBIRICA;11
TIGRE;1
TIETE;3
DOS TIMBIRAS;54
TOBIAS BARRETO;2
SOUZA MAGALHAES;9
STELA DE SOUZA;3
DESEMBARGADOR SARAIVA;1
WALDOMIRO LOBO;56
TABELIAO FERREIRA DE CARVALHO;3
TAMBORIL;1
DOS TAMOIOS;32
TANTALITA;1
TAPIRA;1
JOSE JOAQUIM DOS SANTOS;4
VEREADOR ORLANDO BONFIM;2
CORONEL CANCIO DE ALBUQUERQUE;1
LEONARDO BAUMGRATZ;1
IRMA MARIA GERALDINA;2
BRAS;2
TANCREDO NEVES;1
NORUEGA;2
CELIA COSTA;1
CORONEL SIEBRA DE BRITO;1
AGUA DE COLONIA;1
PAULO CAMPOS MENDES;3
CORONEL OSCAR PASCHOAL;9
ULISSES SURETTE;4
ELIAS ANTONIO ISSA;11
PINTOR DEBRET;2
OLEGARIO MACIEL;49
TUNEL DA LAGOINHA;4
ANTONIO MARIANO DE ABREU;5
DOS AGRONOMOS;1
HERBERT DE SOUZA;1
DO COMERCIO;1
PROFESSOR OTILIO MACEDO;1
CONTORNO RODOVIARIO;3
ROSEMBERG SILVA;1
DOS ODONTOLOGOS;1
DOS VETERINARIOS;2
DOM HENRIQUE;1
LONGITUDE;1
FABIANO TAYLOR;2
TOCANTINS;6
JOAO ALVARES CABRAL;1
SEVERO;3
SIENA;1
SIGMA;3
SILVA ALVARENGA;6
SILVA FORTES;1
SILVA LOBO;48
SILVA ORTIZ;1
SILVIANOPOLIS;1
SILVIO ROMERO;1
SIMAO TAMM;3
SINVAL DE SA;3
SIRI;1
SOARES NOGUEIRA;2
SOLIMOES;1
SOROCABA;2
SERGIPE;8
SERPENTINA;2
SERRA NEGRA;1
SERRANIA DO OESTE;1
SERRANOS;8
DO SERRO;1
JOSE BASILIO;1
SAO SEBASTIAO;2
VIANA DO CASTELO;4
BARAO DO MONTE ALTO;9
SAO TOME DO PRINCIPE;1
JOSIAS CASIMIRO;2
ESTORIL;6
SAO VICENTE DE PAULO;5
SAPOTI;1
SAPUCAI;7
SARAMENHA;47
SATURNINO DE BRITO;5
SAUDE;2
PEDRO LUCIO DA SILVA;1
DAS CANARIAS;6
RECY SOUZA PAIVA;1
MEDEIA;1
JUNQUEIRA NETO;1
SENECA;1
LAURO GOMES VIDAL;8
DOS JESUITAS;3
SAO MATIAS;3
SAO MIGUEL;4
SAO PAULO;54
SAO ROMAO;2
VISEU;1
SAO BENEDITO;1
GERALDO MENEZES SOARES;1
ARGEMIRO RODRIGUES DA SILVA;2
SAO BENTO;4
FRANCISCO DUARTE MENDONCA;4
CAROLINA DO NORTE;1
SAO PEDRO DA ALDEIA;5
ALCINA LIMA DRUMMOND;1
IZABEL DIAS SANTOS;1
GERALDO MARTINS DUARTE;1
DELTA;2
JOSE PAULO SOUZA;1
BARTOLOMEU DIAS;1
MARIANITA;2
TOUTINEGRA;1
UIRAPIANA;1
LEONIL PRATA;8
DA SINFONIA;1
ESTELA;2
DOS TOUREIROS;2
LUIZ FRANZEN DE LIMA;2
HELGA TAVEIRA DE SOUZA;3
CRISANTO MUNIZ;3
ARTHUR BERNARDES FILHO;2
ANA ARAUJO DE ANDRADE;1
JOSE BENEVIDES DA SILVEIRA;5
MAURETTE JOSE DOS SANTOS;3
RODRIGUES CALDAS;4
CEDRO DO ABAETE;1
MARIA SYLLENE ANDREAZZI;1
ROMA;3
DO ROSARIO;1
ROSINHA SIGAUD;6
RUBI;2
RUI BARBOSA;10
JOSE ARNALDO TEIXEIRA;1
SABARA;2
SABINOPOLIS;3
SACADURA CABRAL;3
SACRAMENTO;1
SAFIRA;1
SALINAS;14
SALTO DA DIVISA;1
SALVADOR PINTO;1
SALVADOR PIRRI;1
SAMBEATIBA;2
SAMUEL PEREIRA;1
PROFESSOR CLOVIS SALGADO;19
RIACHUELO;12
RIBEIRO JUNQUEIRA;1
RIO BRANCO;3
RIO CASCA;2
RIO GRANDE DO NORTE;27
RIO GRANDE DO SUL;17
RIO DE JANEIRO;15
RIO NEGRO;4
RIO NOVO;1
RIO PARDO;1
RIO VERDE;8
ELIAS SALIBA;1
ROCHA PITA;1
QUIARI;3
QUILOMBO;2
SEVERINO LARA;1
JOAQUIM CORREA DE AQUINO;1
AFONSO DE ABREU E SILVA;1
LUPERCIO PAIXAO;8
RADIALISTA CARLOS FILGUEIRAS;1
LEVINDO IGNACIO RIBEIRO;1
RODRIGO OSORIO DE ANDRADE;1
GUAXE;1
POMBA;2
QUITANDINHA;3
PONTALINA;2
RAFAEL MAGALHAES;3
RAFAEL TOBIAS;1
RAJA GABAGLIA;88
RAMALHETE;1
RAPOSOS;1
RAUL MENDES;2
RAUL POMPEIA;1
RAVENA;1
REAL MADRID;2
REALENGO;1
REGULUS;3
RENATO LUIZ LIMA;1
REPUBLICA ARGENTINA;1
RESED�;3
MARCELO ROBSON DOS SANTOS;1
JOAO ALPHONSUS;2
MANDACARU;2
DANIEL JOSE DE CARVALHO;1
NICIAS CONTINENTINO;2
MALIBU;1
DOIS MIL TREZENTOS E CINCO;1
NOSSA SENHORA DE FATIMA;42
BANDEIRANTES;1
CANELA;1
ANNA MARIA DE JESUS;2
SEBASTIAO EVANGELISTA DE ARAUJO;1
RADIALISTA DECIO SILVEIRA;1
JOAO MAGELA LUZ;4
IRMA;1
RADIALISTA MACLEREVSKI;2
SERAFIM PEREIRA DA SILVA;3
MARIA GERTRUDES SANTOS;23
JORNALISTA JOAO AUGUSTO;1
RADIALISTA ISNARD SIMONE;1
SARAH CARVALHO MACHADO;1
ALEXANDRE MOTERANI;1
PROFESSOR WLADIMIR GOMES;3
PASTOR SALATIEL GARCIA;1
MARIA MANOELA BRAZ;1
JOSE ANTENOR;1
GUILHERME RANGEL CORREA;2
BRISTOL;4
GUARA;2
GERALDO SILVA;2
MODESTINA DE SOUZA;3
PROFESSOR MORAES;15
PROFESSOR PIMENTA DA VEIGA;4
PROFESSOR TITO NOVAIS;1
PROGRESSO;8
PRUDENTE DE MORAIS;11
PURUS;1
FELIPE SILVESTRE;1
PITANGUEIRAS;1
PITOMBA;4
PITT;7
PLATINA;29
PLOMBAGINA;1
RIO POMBA;23
DOM JOAQUIM;1
PONTA PORA;3
PONTE NOVA;4
POPULAR;1
PORANGA;1
PORTEIRINHA;1
EXPEDICIONARIO INOCENCIO ROSA;1
LIMEIRA;4
PIRAMBO;1
PIRAPETINGA;2
ITAPETININGA;6
PIRATININGA;1
PIRES DE SA;1
MARIA FILOGONIO;1
PORTO RICO;1
PORTUGAL E CASTRO;1
PORUINA;1
POTUMAIO;3
POUSO ALEGRE;14
POUSO ALTO;2
POVOA DE VARZIM;12
PRADO PIMENTEL;1
PRADOS;1
PRATAPOLIS;1
PRESIDENTE;4
PRESIDENTE CARLOS LUZ;87
PRESIDENTE COSTA E SILVA;4
PRIMEIRO DE JULHO;1
PRIMEIRO DE MAIO;1
PRINCESA ELIZABETH;1
PRINCESA ISABEL;1
PRINCESA LEOPOLDINA;2
DAS PRINCESAS;4
JOSE MOREIRA BARBOSA;6
PROFESSOR ALMEIDA CUNHA;1
PROFESSOR AMEDEE PERET;1
PROFESSOR BENEVENUTO;1
PROFESSOR GODOI BETONICO;1
AGGEO PIO SOBRINHO;3
RUBENS CAPORALI RIBEIRO;4
GERALDO LUCIO VASCONCELOS;2
MOISES KALIL;4
ATANASIA DOS JARDINS;1
JOAO PAULO II;4
SUZANA;1
FLOR DE MAIO;2
SANTA RITA DE CASSIA;1
JOSE DOS REIS PEREIRA;1
ABILIO ALVES DOS SANTOS;1
TRAJANO AMANCIO FERREIRA;1
RIO GRANDE;2
RAIMUNDO HILARIO DE OLIVEIRA;1
GRALHA;1
LUCIMARA MARQUES;2
BELA EMILIA;1
ANGELINA DE MATTOS SILVEIRA;1
ASA BRANCA;2
TORDO;1
CLAUDIO MARCELO;1
AMERICO ALVES;3
LIEGE;11
OLAVO FERREIRA;1
CAPITAO DUARTE;1
REMI PEREIRA LOPES;1
QUINTIL;3
BEIRA MAR;2
WILMA DE ANDRADE;1
JOSE MOREIRA;2
ABILIO FERNANDES DE OLIVEIRA;1
QUIRINO DE SOUZA;1
SAO BERNARDO;3
SAO BRAS;1
CLAUDIO ANTONIO;1
SAO CARLOS;1
SAO CLEMENTE;3
SAO CRISTOVAO;3
SENHORA DO PORTO;6
SAO DOMINGOS;1
SAO FELICIANO;1
SAO FELIPE;2
SAO JOAO DA SERRA;4
ALCOBACA;1
SAO JERONIMO;1
SAO JOAO DA LAGOA;1
SAO JOAO EVANGELISTA;3
SAO JOAO DO PARAISO;1
JOAO DE PAULA;4
RIBATEJO;3
SAO JUDAS TADEU;2
SAO LAZARO;10
SAO LUCAS;1
SAO LUIZ;1
SAO MANOEL;1
CIRILO GASPAR DE ARAUJO;4
PADRE LEOPOLDO MERTENS;2
SANTA MARIA GORETTI;1
CALDAS DA RAINHA;3
SANTA MATILDE;1
SANTA RITA DUR�O;6
SANTA RITA DO ITUETO;1
SANTA ROSA;21
ALGARVE;2
POTENGI;2
SANTA VITORIA;1
SANTAREM;5
SANTISSIMO;1
SANTO AGOSTINHO;2
ALENTEJO;4
SANTOS;3
SANTOS ANJOS;2
SANTOS BARRETO;4
SANTA CATARINA;26
SANTA CLARA;2
MANOEL FERREIRA LEAL;1
SANTA CRUZ DO ESCALVADO;2
SANTA EFIGENIA;1
PORTO SEGURO;7
MATO VERDE;1
VILA REAL;1
SANTA JUDITE;1
SANTA LUZIA;1
SANTA MADALENA SOFIA;1
DESEMBARGADOR REIS ALVES;6
GENERAL ZERBINE;1
DEPUTADO CRISTOVAM CHIARADIA;4
TRES;5
SERRA DO ROLA MOCA;2
TREZE;3
PRESIDENTE TANCREDO NEVES;74
OESTE;10
ENGENHO DA NOITE;1
DESEMBARGADOR PAULO MOTA;3
HERMINIO FERREIRA PINTO;2
SEBASTIAO MOREIRA;2
VICENTE PIMENTEL;5
MARIZA AFONSO;1
SUMARE;4
DA SE;2
JOANICO CIRILO DE ABREU;1
CARMINHA GUIMARAES;1
CARMELITA COELHO DA ROCHA;4
SERRINHA;2
ARNALDO BUENO AZEVEDO;1
PINHEIRO;1
MARIA MACEDO;5
JOAQUIM DE OLIVEIRA;2
RIO PETROPOLIS;2
MARECHAL JOFRE;1
CARLOS EDUARDO LOTT;1
BOEHMIA;1
DA IGREJA;1
AMILCAR CABRAL;3
AQUIDABAN;6
AQUILES LOBO;3
SERENATA;2
NANSEN ARAUJO;4
COLETIVO;1
MANTENA;4
ESTRADA NOVA;1
GUSTAVO CANDIDO DE SOUZA;1
ORLANDO MORETZSOHN;1
JOSE SILVEIRA;1
CONSUL ROBERT LEVY;2
DESEMBARGADOR AMILCAR DE CASTRO;1
JOSE MACHADO;1
PIUMA;2
MARIA HEILBUTH SURETTE;6
JOSE RODRIGUES PEREIRA;11
BENTO SIMAO;1
PRESIDENTE EURICO DUTRA;4
CELSO PORFIRIO MACHADO;1
JOSE MARIA ALKIMIM;9
PROFESSOR OCTAVIO COELHO DE MAGALHAES;3
TEREZA MOTA VALADARES;2
LEDA PINHEIRO CHAGAS;1
DEPUTADO SEBASTIAO NASCIMENTO;6
ITALIA ELMO;1
JOSE GUALBERTO;1
CARLOS MUZZI;1
ARACATI;2
ARACI;2
ARAGUARI;27
ARAPUA;1
ARARIPE;2
CASSITERITA;6
ARAXA;1
ARISTOTELES CALDEIRA;3
JERONIMO MONTEIRO;1
ARTHUR FLAVIO;1
ARTUR GUIMARAES;4
ARTUR DE SA;2
AIMEE SEMPLE MCPHERSON;1
ASSUMAR;1
ASSUNCAO;4
JORNALISTA JOAO BOSCO;2
ATENAS;3
AUGUSTA;1
AUGUSTO JOSE DOS SANTOS;3
AUGUSTO MOREIRA;1
ANDRELANDIA;1
ANGATURAMA;8
PADRE JOSE ALVES;7
ANGUSTURA;4
EMILIO CARDOSO AIRES;1
ANIRY;2
ANITA GARIBALDI;3
ANTERO DE QUENTAL;1
ANTONIO DE ALBUQUERQUE;8
ANTONIO ALEIXO;5
ANTONIO BERNARDO;1
PRESIDENTE ANTONIO CARLOS;387
ANTONIO CLEMENTE;1
ANTONIO DE FREITAS;1
ANTONIO JOSE DE CARVALHO;1
CAPITAO ENEAS;1
ANTONIO SEVERINO DE CASTRO;3
ANTONIO SOARES;3
DA ANUNCIACAO;1
DOUTOR ALBERTO CAVALCANTI;1
APERE;1
APOLO;1
FRANCISCO NEGRAO DE LIMA;6
FRANCISCO NASCIMENTO;3
MINASGAS;1
NHAZINA DE ALMEIDA;1
BANDONION;1
SAO GERALDO;1
LUCAS DE CARVALHO SANTOS;2
PINTOR DI CAVALCANTI;2
MARIA CESAREA MOREIRA;1
ANTONIO GIAROLA;2
HILDEBRANDO DE OLIVEIRA;1
BLUMENAU;1
CAXIAS DO SUL;1
ERNESTO TOGNOLO;1
DOUTOR VIEIRA MARQUES;1
ALDEMIRO FERNANDES TORRES;15
LAJEDO;6
JULITA NUNES LIMA;1
NOVA REPUBLICA;1
ALFREDO CAPORALLI;1
FRANCISCO MARTINS MARQUES;2
EDUARDO BROCHADO;1
VITERBO;1
BERGAMO;1
DOUTORA DENISE;1
MOGNO;1
NELSON LEMOS DE CARVALHO;1
BALEARES;10
CLEMENTINO VIANA DOTTI;1
ITAMIRIM;2
SAO VICENTE;4
DA OLARIA;1
SAINT CLAIR VALADARES;1
PEDRO SERAFIM FERREIRA;2
PROFESSOR PATROCINIO FILHO;4
ADRIANO CHAVES E MATOS;1
GOIANIA;1
SIGMUND WEISS;1
SICILIA;16
MIRALAGO;1
PEDRO MOREIRA DE ABREU;1
APATITA;2
IRMENDIS;2
JUA;1
APORE;3
ALVARENGA PEIXOTO;7
ALVARES CABRAL;22
ALVARES MACIEL;9
VEREADOR ALVARO CELSO;4
BRIGADEIRO EDUARDO GOMES;48
ALVARO DA SILVEIRA;2
ALVES PINTO;1
ALVES DO VALE;1
AMAPA;1
AMARILIS;1
AMAZONAS;338
AMAZONITA;3
DOS AMERICANOS;5
AMERICO LUZ;1
AMERICO MAGALHAES;6
DO AMIANTO;2
AMINTAS DE BARROS;1
ANA MATOS;3
CORONEL JAIRO PEREIRA;2
ANCHIETA;2
DOS ANDRADAS;220
NISIO BATISTA DE OLIVEIRA;1
ANDRE FERNANDES;1
PETRINIA ALVES;2
ELI SEABRA FILHO;3
AGOSTINHO BRETAS;1
JOAQUIM GOUVEIA;2
AGRIPINO GRIECO;2
AGUA DOCE DO MANTENA;1
MANOEL TAVARES DE ABREU;4
AGUANIL;2
MANOEL ALEXANDRINO;3
AGULHAS NEGRAS;6
AIURUOCA;3
ALABASTRO;4
ALAGOAS;17
ALAN KARDEC;2
DEPUTADO RENATO AZEREDO;1
ALBITA;2
ALCANTARA;1
ALCIDES LINS;1
MIGUEL GENTIL;2
ALEGRIA;1
DO ALEIJADINHO;1
ALEXANDRE SIQUEIRA;1
RENATO NASCIMENTO;1
ALFREDINA AMARAL;12
PROFESSOR ALFREDO BALENA;40
ALFREDO CAMARATE;7
ANTONIO ARAUJO PENIDO;2
AGILMAR PEREIRA MARINHO;1
JOSE CANDIDO;1
TERRACOTA;2
FRANCISCO PEREZ MOREIRA;1
LAURINDO RABELO;2
RAMIRO SIQUEIRA;4
ALAIR PEREIRA DA SILVA;4
ERCILIA SIQUEIRA;1
WADY JOSE ALAU;2
CORONEL ASSIS DUARTE;1
PROFESSOR RODRIGUES SEABRA;3
CREMONA;11
DEPUTADO MILTON SALES;1
MARIA CARMEM VALADARES;1
CUSTODIO CARREIRA;1
LUXEMBURGO;1
CARAGUATATUBA;2
OURICURI;1
ARMANDO TAUIL;2
BURITIS;2
BRUNO ALVARENGA MARQUES;2
ESTANISLAU PEDRO BOARDMAN;4
NIAGARA;1
ANTENOR PRATA;4
AZIZ ABDI;2
EMANUEL;1
GENI CATIZANE DE SA;1
VEREADOR GERALDO SILVA DE OLIVEIRA;3
MARIA VITALINA DE JESUS;1
MORUNGABA;1
DONA LUCI;2
PAPA JOAO PAULO II;101
CLAUDELINO XAVIER DE ASSIS;2
MELRO;1
SOFRE;1
ENGENHO DA PRATA;1
AGENOR DE PAULA ESTRELA;13
PROFESSORA GABRIELA VARELA;9
JOAO ALVES TEIXEIRA;2
EMILIA MARZANO MATIAS;1
ALUIZIO TEIXEIRA DA SILVA;6
SETE DE OUTUBRO;5
LUZIA SALOMAO;6
DA REPUBLICA;1
ZELIA;2
FINLANDIA;2
WILLIAM MALACCO;1
VILA ISABEL;1
ANHEMBI;1
SOUZA AGUIAR;2
OPERA;2
CHRISTINA MARIA ASSIS;5
GASTAO DEMETRIO MAIA;6
MAGENTA;6
LASSANCE;8
DEA MARCIA CHALUP;1
ENGENHEIRO ALBERTO PONTES;2
PROFESSORA BARTIRA MOURAO;2
IRACY MANATA;1
LIBERO LEONE;2
LIDER;1
PROFESSOR MOZART DOLABELLA;1
MARIA GUERZONI FERNANDES;2
MARIA DA PAZ MAIA;1
NOE MARQUES DE OLIVEIRA;1
IVAPE;1
MARIA REGINA DE JESUS;1
BELEM DE JUDA;1
JOSE LUIS RASO;1
VICENTE OTACILIO RODRIGUES;1
LUIZ DE SOUZA LIMA;2
CASTELO SETUBAL;1
MODESTINO GONCALVES;6
FERROVIARIO OROMAR RIBEIRO;1
MIRABELA;2
MARIO MACHADO;1
RAIMUNDA LOPES BARROSO;1
TALES;5
NOSSA SENHORA DE GUADALUPE;4
CUBATAO;7
CORONEL JOSE DIAS BICALHO;8
CONDE PEREIRA CARNEIRO;14
JOSE MARIA RODRIGUES;1
JOSUE MARTINS DE SOUZA;4
IZALINA FAUSTINA SILVEIRA;1
ERIDANO;3
JOSE BALBINO VIEIRA;1
BICALHO;2
BUDAPESTE;1
LUCERNA;1
ISLANDIA;1
MANOEL GUEDES SANTOS;1
COPACABANA;5
JOAQUIM PEREIRA;4
JOAO MONLEVADE;4
DOS APACHES;1
PEDROGAO PEQUENO;1
ZILAH CORREA DE ARAUJO;1
FLORENCA;1
PINHEIRO CHAGAS;4
MARCELO BERNUCCI SYDNEY;2
LINDOLFO DEODORO;1
DEBORAH MARIA CRUZ;1
PEDRA GRANDE;1
SALOA;1
CONCEICAO DO CANINDE;3
CACIMBA DE AREIA;1
SANHARO;1
MARIA JACINTA;1
WALTER IANNI;2
MAURA;1
REIS DE ALMEIDA;3
JOSE DE ALENCAR ROGEDO;1
CONCEICAO SILENCIO LUCIANO;1
JOAO LOPES DE OLIVEIRA;1
ALINE;2
DAS ACACIAS;6
MOHAMED V;2
FLOR DE SEDA;4
ACAI;1
DO ACRE;2
ACUCENAS;1
DAS PERPETUAS;15
ADALBERTO FERRAZ;1
ADELINA RITA DE JESUS;1
ADOLFO MONTEIRO DE CASTRO;1
HUDSON GOUTHIER;4
GENERAL OLIMPIO MOURAO FILHO;10
DESEMBARGADOR MILTON DOS REIS;1
GENERAL CARLOS GUEDES;13
GONCALVES;1
MANOEL SALLES BARBOSA;2
LEONTINO FRANCISCO ALVES;27
AARAO REIS;1
CYRO VAZ DE MELO;1
PASTOR MURYLLO CASSETE;1
ABAIBA;2
ABERTADA;1
ABILIO MACHADO;71
DOS AERONAUTAS;1
DOS AEROVIARIOS;1
AFONSO ALVES BRANCO;1
AFONSO CELSO;1
AFONSO DE CARVALHO;1
AFONSO PENA;162
AFONSO TAUNAY;1
AFONSO VAZ DE MELO;61
BAHIA;2
DOS MOREIRAS;2
BARAO DE COROMANDEL;25
DEZENOVE;1
TRINTA E NOVE;1
A;3
ANDREIA;1
AVA;2
DA ADUTORA;3
WASHINGTON LUIZ;2
JOSE CLAUDIO REZENDE;2
PAULO PIEDADE CAMPOS;7
ENGENHEIRO GODOFREDO DOS SANTOS;2
VEREADOR NELSON CUNHA;1
PAULO FREIRE DE ARAUJO;1
JOAQUIM ABEL COELHO;2
CASTELO LAMEGO;1
DOUTOR FERNANDO SCARPELLI;1
CONCEICAO APARECIDA AUGSTEN;1
ELISA FELIPPETO RICALDONI;1
IOLE MONTEIRO DE LIMA;1
JOAO RICALDONI FILHO;2
PASCHOAL COSTA;1
DOUTOR LUIS RATTON;1
ROMUALDO LOPES CANCADO;3
WIVER HERNANDES DA SILVA;1
GERALDO JOSE BERNARDO;1
RADIALISTA DELSON AMANDA;1
CARLOS DUARTE COSTA;1
W DOIS;1
W QUATRO;1
S DOIS;1
IMPERIAL;6
RADIALISTA JOSE FARRAPO;1
CANELINHA;1
FRANCISCO MAGALHAES;1
OSVALDO COSTA;3
FIDELCINO COSTA;1
IRINEU GARCIA DE OLIVEIRA;1
RAIMUNDO PEDRO RODRIGUES;2
CASTELO DE LISBOA;3
MIGUEL PERRELA;13
ALTAMIRO AVELINO SOARES;5
CASTELO DE EDIMBURGO;1
ALBERTO ALVES DE AZEVEDO;1
AMARAJI;3
DEPUTADO ULTIMO DE CARVALHO;8
JULIO MESQUITA;18
MAESTRO DEL� ANDRADE;3
MARECHAL ESPERIDIAO ROSAS;2
ITAMBE DO MATO DENTRO;3
JORNALISTA MARIO EUGENIO;1
AGILIO CRUZ DE SOUZA;1
MONSENHOR NOGUEIRA DUARTE;2
ENGENHO DO SOL;1
PROFESSOR AMILCAR VIANA MARTINS;1
IVAI;16
JOSE CAMBRAIA DO NASCIMENTO;3
FERNANDO CANDIDO DE SOUZA;2
MINERVINA EUGENIA DE SOUZA;2
DOS CARIJOS;17
CUIABA;8
FERNANDES TOURINHO;7
BATURITE;2
EXPEDICIONARIO NILO SEABRA;1
DESEMBARGADOR TORRES;1
ALEM PARAIBA;4
TENENTE HELIM;1
LAZULITA;1
CAIRU;3
ROTARY CLUB;2
GENERAL CLARK;1
PRESIDENTE JUSCELINO KUBITSCHEK;98
PROFESSORA VICENTINA BARRETO;1
AMELIA CLEMENTE ROCHA;1
CARMELITA INDIA DO BRASIL;4
DA IMPRENSA;1
SANTA LEOPOLDINA;2
NOSSA SENHORA DO AMPARO;1
SENHORA DA BOA VIAGEM;1
PAPA BENTO XIV;1
SEBASTIAO GOMES PEREIRA;1
ROGERIO LUCIANO;2
JOAQUIM GONCALVES PIMENTA;3
PROFESSOR SILVEIRA NETO;1
JOSE NUNES CARVALHO;1
JOSE MOTA COSTA;1
JOAO BATISTA VIEIRA;4
LUIZA EFIGENIA SILVA;1
DINIS DIAS;1
PEDRO DE SINTRA;1
CASTELO DE SAO JORGE;4
ABILIO RODRIGUES PEREIRA;1
WARLEY APARECIDO MARTINS;2
ANA RAFAEL DOS SANTOS;1
ANTONIO SANTOS VIANA;1
TAQUARIL;8
CODAJAS;1
PROFESSOR MELLO CANCADO;1
COLETORA;5
CABO JOTA DE OLIVEIRA;1
JOSE TAVARES FILHO;1
GETULIO VARGAS;4
CLOVIS DE SOUZA MUNHOZ;1
DOS NAVEGANTES;1
CARLOS SCHETTINO;2
ALBERTINO TEIXEIRA DIAS;1
JOSE DOS SANTOS LAGE;2
JOAQUIM ANACLETO DA CONCEICAO;2
MARIA AMELIA PIMENTA;1
ANTONIO TEIXEIRA DIAS;7
HELENA DE OLIVEIRA;1
CARMELITA SILVEIRA DE OLIVEIRA;1
ANA VENUTE SOARES;1
MANOEL LUIZ DE ABREU;1
MARIA ANTONIA FRAGOLA;1
GENTIL PORTUGAL DO BRASIL;5
ALCINDO GONCALVES COTTA;2
JORNALISTA LENA SANTOS;1
JOAQUIM BAETA NEVES;1
CLAUDIO GOMES DE SOUZA;1
PASTOR ACHILLES BARBOSA;1
DOS JARDINS;4
ESPORA;1
AMOR DO CAMPO;1
TEREZINHA ANDRIANA DE CASTRO;2
MARIA ELIZABET PESSOA;1
JOAQUIM GONCALVES DA SILVA;1
AUGUSTA ALVARENGA INEZ;1
HELIOTROPIO;2
HELIUM;1
HEMATITA;1
HENRIQUE BURNIER;1
HENRIQUE CABRAL;1
HENRIQUE DIAS;1
HENRIQUE GORCEIX;3
HENRIQUE PASSINI;5
HENRIQUE TANN;1
REGINA OTHILIA DOS SANTOS;1
HERCULANO PENA;1
DEPUTADO CLAUDIO PINHEIRO DE LIMA;14
HERMENEGILDO CHAVES MONZECA;3
HERMILO ALVES;6
HERVAL;3
HILARINO BENEDITO MALTA;1
HOLANDA LIMA;2
DAS DRACENAS;1
GUAXUPE;4
GUIA LOBO;2
GUILHERME PINTO DA FONSECA;2
GUIRICEMA;3
GURUA;3
GURUTUBA;3
GUSTAVO PENA;2
GUSTAVO DA SILVEIRA;32
GONCALVES DIAS;24
GONCALVES MAGALHAES;1
GONCALVES DE SOUZA;1
GOUVEIA;4
GRANDE URSULA;1
GRAO PARA;4
GREGORIO DE MATOS;2
DOUTOR ANTONIO GONCALVES DE MATOS;1
DOS GUAICURUS;29
GUANABARA;5
MARIA CONCEICAO BONFIM;6
GUANDU;1
GUANHAES;3
GUARANESIA;2
DOS GUARANIS;9
MARIA APARECIDA COELHO;1
GUARATAN;1
GUARDA CUSTODIO;1
GLAURA;1
GODOFREDO DE ARAUJO;2
GOIABEIRA;1
GOMES PEREIRA;10
FREI MANOEL DA CRUZ;1
FREI ORLANDO;1
FRUTAL;1
FURTADO DE MENEZES;1
PASTOR JOSE BATISTA;2
DA HORTA;1
MARIO ROCHA CASTRO;1
DAS GABIROBAS;8
GABRIEL SANTOS;1
MENELICK DE CARVALHO;6
DAS GAIVOTAS;5
PROFESSOR GALBA VELOSO;2
DAS GARCAS;1
GAVEA;3
GENERAL ANDRADE NEVES;2
GENERAL ARANHA;9
GENERAL JOSE MARIA;2
GENERAL PATTON;1
GENERAL OSORIO;1
GENERAL TIBURCIO;2
FRANCISCO SALES;33
FRANCISCO SPINO;1
SANTO ANTONIO DO AMPARO;2
FREI ANTONIO DO DESTERRO;1
FREI CONCEICAO VELOSO;2
GENTIOS;5
FLOR D'AGUA;1
FLOR DO DIVINO;1
FLOR DO IMPERADOR;3
FLOR DA NOITE;1
FLOR DA PAIXAO;2
FLORALIA;1
FLORESTA;1
FLUORINA;6
FORMIGA;13
FRANCISCO ALEVATO;1
FLAMENGO;1
FLAVIO DOS SANTOS;6
FLEMING;12
FRANCISCO BICALHO;10
EXPEDICIONARIO MARIO ALVES DE OLIVEIRA;1
EXPEDICIONARIO PAULO DE OLIVEIRA;1
EZEQUIEL DIAS;8
DAS ROSAS;1
CEARA;6
PROFESSOR JOSE ESTEVES;1
FARADAY;1
FAUSTO ALVIM;1
FELICIANO RIBEIRO;1
FELIPE DE MELO;2
FELIPE DOS SANTOS;4
FERNAO DIAS;6
ALVARO FERREIRA CARDOSO;1
FERREIRA DOS SANTOS;2
FERROVIARIA;2
PINTOR RENATO LIMA;3
ESTRELA DA JORDANIA;1
ETILANDIA;1
PRESIDENTE JUSCELINO KUBITSCHECK MARGINAL DIREITA;5
EUCLASIO;8
EUGENIA NERY;3
EVEREST;1
EXPEDICIONARIO BENVINDO BELEM DE LIMA;1
EXPEDICIONARIO CELSO RACIOPPI;2
ESPINOSA;9
ESPIRITO SANTO;52
ESTACIO DE SA;1
ESTANISLAU FERNANDES;10
ESTER DE LIMA;3
PROFESSOR ESTEVAO PINTO;9
DO CERCADINHO;4
JOAQUIM CLEMENTE;5
COUNTRY CLUB DE BELO HORIZONTE;1
EMERECIANA BATISTA CAMARGOS;1
EMILIA ALVES DO VALE;1
ENCANTADO;1
ENEAS;1
ENEIDA;4
ENGENHEIRO FELIPE CALDAS;5
ENGENHO DE DENTRO;4
LEBLON;1
ENGENHO NOVO;1
ENOY;1
ALPHONSUS DE GUIMARAES;10
ANTONIO ABRAHAO CARAM;31
AUGUSTO DE LIMA;35
DA BANDEIRA;2
ELISA DE CARVALHO POSSAS;1
CAMPO BELO;3
COLETOR CELSO WERNECK;1
DOMICIO GABRIEL DE VASCONCELOS;2
PONTA GROSSA;7
CESARIO ALVIM;4
SAO JOSE DO JACURI;1
HYE RIBEIRO;1
CONFRADE MACHADO;1
CURITIBA;40
DEMOCRATA;1
MACOM LAURO DE OLIVEIRA;1
CARLOS FREDERICO CAMPOS;1
PAULINO CAETANO MENDES;2
HERCULANO DIAS COELHO;1
CONCEICAO DO MATO DENTRO;19
SEBASTIAO MARIA DA SILVA;1
AURELIO LOPES;7
DOUTOR CELSO AZEVEDO;1
CORA CORALINA;3
PROFESSOR JOSE VIEIRA DE MENDONCA;18
CAMILO TEIXEIRA DA COSTA;49
FAISAO;2
DA FEDERACAO;1
FLOR DAS ALMAS;2
FRANCISCO LEOCADIO;3
HONORIO BICALHO;3
ATLANTA;1
CAMIL CARAM;1
EPAMINONDAS OTONI;1
ESMERALDA;4
ESPERA FELIZ;1
ARNALDO CATHOUD;1
EDGARD CAVALEIRO;5
MARINGA;4
EDUARDO PRADO;1
ELISIO DE BRITO;20
ALENCAR FERREIRA DE CARVALHO;1
ELOI MENDES;1
DULCE MARIA;1
RAFAEL FERREIRA VELOSO;1
MARIA PEREZ BALESTEROS;2
JOSE FERREIRA DOS SANTOS;1
PEDRA DE ANIL;1
LUIZ COSME;1
JOSE DE ARAUJO FERNANDES;2
DOLORES PEREIRA DA SILVA;1
DONA ANITA;1
FLOR DE AMEIXEIRA;1
DONA CECILIA;2
DONA GENI;4
DONA LUIZA;11
DONA SENHORINHA;2
DONATO DA FONSECA;2
DORES DO INDAIA;1
DOUTOR ALBERTO HORTA;2
GENERAL ASTOLFO FERREIRA MENDES;1
GENERAL DURVAL;1
GERALDA MARTINS MIRANDA;1
ADERBAL RODRIGUES VAZ;9
GONCALO ALVES;2
CACHOEIRA DA PRATA;1
GUARARA;1
JANETE HELENA;1
ITAPAGIPE;4
JEQUITINHONHA;17
JOSE CLEMENTE;7
EXPEDICIONARIO ELIAS SAADE;1
QUELUZITA;2
MODELO;2
CASTELO DO PIAUI;1
CORONEL EUGENIO THIBAU;1
PADRE PEDRO EVANGELISTA;3
PADRE SILVEIRA LOBO;1
PARU;1
JOAO FERREIRA DA SILVA;16
TABOAO DA SERRA;4
RONALDO FELIPE DE SENA;1
FRANCISCO MANOEL DA SILVA;1
EPICURO;1
CIBIPURUNA;1
MARCO AURELIO;3
JOAO PIO;3
BEIRA ALTA;1
JOSE DE OLIVEIRA;4
SILVIANO BRANDAO;60
DOS ANTURIOS;1
DAS TANGERINAS;2
EXPEDICIONARIO JOSE ZEFERINO;4
DEZOITO DE JULHO;1
VEREADOR CIRO CANAAN;2
DEZENOVE DE MARCO;1
DIABASE;3
ZIRCONIO;1
DIAS ADORNO;4
JOAO GUALBERTO DOS SANTOS;3
TORREMOLINOS;3
SAO MATEUS;1
IBIS;3
DIDO;1
JOSE DE MELO;1
DIOGO DE VASCONCELOS;1
GENERAL DIONISIO CERQUEIRA;2
DIORITA;1
DIVINOPOLIS;1
DIVISA NOVA;1
DIVISA SANTA;1
MARCIA DE WINDSOR;3
ALEXANDRINA MARIA COUTINHO;1
AMAVEL COSTA;2
BEATRIZ RANIERI;1
PROFESSOR BENEDITO FONSECA;1
ROSA ROCHA CORDEIRO;2
DAS FAIAS;1
TREZE DE MAIO;1
DALVA DE MATOS;2
DAMASCO;1
DANIEL DE CARVALHO;1
DANTE GRASSI;3
DELFIM;2
VEREADOR CICERO ILDEFONSO;33
DEMETRIO RIBEIRO;6
DEPUTADO BERNARDINO DE SENA FIGUEIREDO;2
DESCALVADO;3
DESEMBARGADOR BRAULIO;21
DESEMBARGADOR MARIO MATTOS;2
DESEMBARGADOR RIBEIRO DA LUZ;4
DESEMBARGADOR TINOCO;1
DEUSDEDITH DE ASSIS;2
CAPITAO LEONIDIO SOARES;2
ESTRELA CADENTE;1
CONEGO FELICIO;1
ENCOSTA;1
LICINIO PORTO;1
DONA LALA FERNANDES;2
CRISTOVAO COLOMBO;15
CRUCILANDIA;3
CRUCIS;1
CRUZ DE MALTA;1
DOS CRUZEIRENSES;1
MILTON CAMPOS;3
TRINTA E UM DE MARCO;8
TUCURUVI;2
ELSON COSTA;2
URSULINA DE MELO;1
FRANCISCO PALHETA;1
JOAO FERNANDES DE OLIVEIRA;1
OLINDA FERREIRA LOPES;1
MINISTRO GUILHERMINO DE OLIVEIRA;9
DA VISITACAO;1
DOS SOCIAIS;3
JORNALISTA TULIO BERTI;1
JOSE PEDRO DE BRITO;1
ELIZABETH;1
GET�LIO VARGAS;21
MARCOS COELHO NETO;1
FRANCISCO AMANCIO FERREIRA;1
SYLVIO ANDRADE;2
MARIA DE DEUS;1
ELI ANTONIO DA COSTA;1
ARIOLINO ARISTIDES DOS SANTOS;1
GILBERTO PORTO;1
JORGE ANTONIO NASSAR;1
PROFESSOR RUBENS GUELLI;6
DIRCEU DUARTE BRAGA;2
ALIPIO GOULART;1
WASTON RADICCHI;1
DOUTOR CAMILO ANTONIO NOGUEIRA;1
FIGUEIRO;1
SONIA;1
JACQUES LUCIANO;1
DOMINGOS VIEIRA;7
DOUTOR JOSE SILVA MARTINS;2
RAIMUNDO JOSE DE MELO;1
DOUTOR MICAELI;2
DOMINICA;1
OLBIANO SAUSMIKAT;1
ADONIAS FILHO;1
DOLORES DURAN;2
ANTONIO DE NORONHA;1
DOM CABRAL;2
DOM JOAO ANTONIO DOS SANTOS;9
AZARIAS DUARTE;1
DOM JOAO VI;39
DOM JOAQUIM SILVERIO;7
DONA HONORINA;1
DOM PEDRO DE ALMEIDA;1
ARISTOTELES;1
DOM VITAL;4
DOMICIANO VIEIRA;1
DOMINGOS GROSSO;1
DOMINGOS PORTO;1
PEDRO MELLO;2
ROBERTO LUCIO AROEIRA;2
SAO TIAGO;7
INACIO PARREIRA NEVES;1
JOSE ALVES MAIA;1
DETETIVE WILLIAM NUNES;2
LADISLAU AZEREDO COUTINHO;2
WILSON SOARES FERNANDES;2
OSWALDO PINHO TAVARES;1
GUARAPARI;11
MIRACEMA DO NORTE;1
MARIA DE LOURDES FARIA;2
CORONEL INDIO DO BRASIL;1
ARISTIDES FERREIRA DE CASTRO;1
HEITOR SOCRATES CARDOSO;3
ANAPURUS;8
AGUA MARINHA;2
SENADOR VIRGILIO TAVORA;1
AMELIA CALIXTO PALHARES;1
DONA TINA;3
PROFESSORA IRACEMA PIMENTA;1
RIO DAS FLORES;1
SIDEROPOLIS;1
JAIR DE MATTOS;1
RAMIRO ATHANASIO DE SOUZA;1
JOSE APOLINARIO ABREU;1
IBIRITE;2
BERLIM;3
MADRE TEREZA;3
QUINTINO SIMAO;1
FRANCISCA CANDIDA;1
RADIALISTA GERALDO AUGUSTO;1
JUVENTUDE;3
JARDIM DE ALA;2
JOSE MARRA DE FREITAS;1
TEODORO DOS REIS;1
DOUTOR HIRAN AMARAL;1
PRACA DOS TOUROS;1
JOSE PINTO DE MOURA;3
DOS CONSTRUTORES;6
JAUA;1
PITANGUI;28
JOSE BONIFACIO;1
SARGENTO JOAO OVIDIO;1
VINTE E TRES;2
CRUZEIRO DO SUL;7
ENGENHO DO NORTE;1
CURRAL DEL REI;4
CURUPAITI;8
CURVELO;4
CORUMBA;2
CORURIPE;2
COSTA MONTEIRO;1
COSTA SENNA;2
COUTO DE MAGALHAES;1
CRAUTA;1
CRAVEIRO LOPES;1
MARIA FERREIRA DA SILVA;2
CRAVINAS;2
DOS CRAVOS;1
PIEMONTE;1
CRISANDALIA;1
CRISPIM;2
CRISTAL;2
OLARIA DO BARREIRO;6
CRISTIANO MACHADO;631
CRISTINA;8
CORONEL ALVES;4
CORONEL ANTONIO LOPES COELHO;3
CORONEL ANTONIO PEREIRA DE MATOS;3
CORONEL FULGENCIO;1
OSCAR NEGRAO DE LIMA;2
CORONEL JOAO MOREIRA;2
CORONEL JOAQUIM TIBURCIO;1
CORONEL JOSE BENJAMIM;6
CORONEL JULIO MURTA;2
CONSELHEIRO MATA;1
CONSELHEIRO ROCHA;7
CONSELHEIRO SARAIVA;1
DAS CONSTELACOES;1
CONTENDAS;2
DO CONTORNO;325
COPEIA;4
DOS COQUEIROS;5
CARMELITA PRATES DA SILVA;2
CORACAO DE JESUS;2
CORACAO EUCARISTICO DE JESUS;4
CORINTO;4
CORONEL PEDRO PAULO PENIDO;4
CORONEL ANTONIO PEREIRA DA SILVA;2
CORONEL SEVERIANO;2
CORONEL THIBAU;2
COCAES;1
DAS CODORNAS;1
DOS GEOLOGOS;2
ARTUR AZEVEDO;1
ADELINA PATRICIA DE CARVALHO;1
JULIO PEREIRA DA SILVA;3
RADIALISTA JOSE BALUARTE;1
ALVARO FERNANDES;1
PADRE PAULO REGOLIO;1
PROFESSORA DIRCE MARIA;1
PROFESSOR TRISTAO DA CUNHA;2
MANOEL BATISTA BAIA;2
JONAS LINS DE OLIVEIRA;1
MARIA DE LOURDES DA CRUZ;11
VILARINHO;190
ATLANTIDA;3
DEPUTADO FELICIANO PENA;1
VINHEDO;4
EDIVALDO JARDIM;1
RADIALISTA JOSE JUNQUILHO;1
BRASILIANITA;1
PAPOULA VERMELHA;1
BRANCA DE SOUZA COUTO;1
MOCAMBIQUE;1
DAVIDSON GONCALVES DA SILVA;1
PRINCIPAL;4
PAVAO;1
MINISTRO OSVALDO ARANHA;3
DEPUTADO SALIM NACUR;1
TEIXEIRA VASCONCELOS;1
JOAO LEMOS;3
JULIA NUNES GUERRA;1
ROGERIO SALLES BARBOSA;1
JOAO LADEIRA DE SENA;1
DOUTOR HELVECIO ARANTES;1
DOS TRAPISTAS;1
CASTELO DE SINTRA;2
AGUA;1
ROCHIL JOSE DE MATOS;1
BENIGNO FAGUNDES DA SILVA;1
RODRIGO FERNANDES SANTOS;1
RISOLETA FERNANDES;1
EUSTAQUIO DE JESUS DO NASCIMENTO;1
COLOMBIA;4
COLUNA PRESTES;1
DOS COMANCHES;4
COMENDADOR ARTHUR VIANA;1
COMENDADOR TEIXEIRA DA COSTA;5
COMENDADOR WIGG;1
CONCEICAO COSTA;1
CONCEICAO DE ITAPEMA;1
CONDE D'EU;2
CONDE DE SARZEDAS;1
CONDOR;1
CONEGO PINHEIRO;4
CLAUDIO MARTINS;3
CLAUDIO BRANDAO;2
CLAUDIO MANOEL;18
CLELIA;1
CLEMENTE BARRETO;3
CLOVIS DE CASTRO;2
CONEGO SANTA APOLONIA;1
CONEGO SANTANA;3
CONEGO TRINDADE;5
CONEGO VIEIRA;1
CONSELHEIRO CUNHA DE FIGUEIREDO;1
CONSELHEIRO JOAQUIM CAETANO;8
NILSON MACHADO;1
ONZE DE AGOSTO;1
CENTRAL;7
CENTRALINA;3
SENADOR LEVINDO COELHO;54
CORCOVADO;11
CHAPECO;3
CHICAGO;1
CHURCHILL;3
WALDEMAR DIAS COELHO;3
AGILIO MONTEIRO;1
IMBITUBA;1
CINTRA DE OLIVEIRA;1
CIPO;1
CIPRIANO DE CARVALHO;5
DA ROLINHA;1
NICOLINA PACHECO;1
DOUTOR ALVARO CAMARGOS;47
NAIR DUARTE DE BARROS;2
AYRES DA MATA MACHADO;1
SILVESTRE TEODORO DE SOUZA;1
DINORAH FIGUEIREDO DRUMOND;1
WALDYR SOEIRO EMRICH;136
WILSON TAVARES RIBEIRO;2
ALFREDO HERDY DE CARVALHO;1
JOSEFINO GONCALVES DA SILVA;4
ANTONIO DE PAIVA MEIRELLES;1
FRANCISCO SERRAO;1
JOAO PEREIRA LIMA;1
IMPERATRIZ;2
JORNALISTA DJALMA ANDRADE;4
CASTELO DE TORDESILHAS;2
CASTELO DA BEIRA;1
DOUTOR SYLVIO MENICUCCI;1
JUIZ ACHILLES VELLOSO;1
JOSE MARIA FIGUEIRO;1
SERRA DO SINCORA;1
LAUDEMIRA MARIA DE JESUS;1
PAULO AFONSO;14
PAULO DE FRONTIM;4
PAULO DE FRONTIN;2
PAULO NUNES VIEIRA;2
ALEXANDRE MATHIAS ALVES;1
PASSABEM;3
PECANHA;2
DA PEDREIRA;3
PEDRO LESSA;12
DOM PEDRO II;171
PEDRO SIGAUD;1
PEDRO VALENTE;2
PEPERI;3
PEQUIA;1
PENIDO;1
PERDIGAO MALHEIROS;1
PERDIZES;7
PERDOES;3
PEREIRA PASSOS;1
ANTONIO FRANCISCO LISBOA;14
PADRE JOSE MAURICIO;13
PERNAMBUCO;10
PASSOS;1
AMINTAS JACQUES DE MORAES;15
PATROCINIO;1
PAULINO MARQUES GONTIJO;1
DOS PESSEGUEIROS;3
PETIT;6
PETROPOLIS;4
PIAUI;9
DOS PICA PAUS;1
PIGMATITA;1
PILAR;1
PINHEIROS;2
PINTOR ATAHYDE;1
PIO XI;5
VICENTE FEOLA;1
FREDERICO BRACHER JUNIOR;2
PACIFICO MASCARENHAS;1
PADRE BELCHIOR;2
PADRE CAFE;2
PADRE DEMERVAL GOMES;2
PADRE EUSTAQUIO;35
DOM PEDRITO;1
PADRE FEIJO;3
PADRE INACIO NOGUEIRA;1
PADRE JOAO COMBAT;1
SERRA DO NAVIO;2
PADRE JULIO MARIA;1
PADRE LATTANKAMP;1
PADRE LOPES CANCADO;1
PADRE MANOEL RODRIGUES;2
PADRE MARINHO;3
ESTANCIA;3
PADRE PEDRO PINTO;136
PADRE ROLIM;4
PADRE SEVERINO;3
PADRE VENANCIO;1
PAES DE ABREU;2
PALERMO;8
PALMIRA;8
PANEMA;5
CAPITAO SERGIO PIRES;1
PAQUEQUER;1
PARA DE MINAS;21
PARACATU;20
ALBERTINA;4
PARAISOPOLIS;3
PARANA;13
CATANDUVA;1
CATETE;3
CONCEICAO DA APARECIDA;3
BARAO HOMEM DE MELO;83
CAXAMBU;2
MARIA LUIZA SANTIAGO;1
CELIO DE CASTRO;12
CENTAURO;2
CORONEL OTAVIO DINIZ;4
CARMO DA MATA;3
CARMO DO PARANAIBA;1
CARVALHAIS DE PAIVA;3
CARVALHO DE ALMEIDA;2
CASABLANCA;1
CASCALHEIRA;2
CASSIPORE;1
RAIMUNDO VENANCIO DA SILVA;1
CASTELO BRANCO;5
CASTELO NOVO;1
CASTIGLIANO;9
CAPIVARI;12
FEIRA DE SANTANA;1
CAPURAQUE;1
CAPUTIRA;1
DOS ASTECAS;7
CARANDAI;15
CARANGOLA;5
CARATIA;1
CARATINGA;4
JACAREI;6
CARDEAL ARCO VERDE;1
CARDOSO;2
DAS CARIOTAS;2
CARLOS GOES;7
CARLOS GOMES;1
CARLOS MACIEL;7
FLOR DE VIDRO;1
MUNHOZ;1
CARMESIA;2
JOSE CANDIDO DA SILVEIRA;62
CANDIDO DE SOUZA;8
DAS CANOAS;6
CIPOTANEA;1
LUIZ ZUDDIO;1
ALFREDO SANTOS NEVES;1
MESSIAS COUTINHO;1
PEDRO ALEXANDRINO MENDONCA;1
ANTONIO PORFIRIO LUIZ;1
SILVIO MENICUCCI;1
SENADOR JOSE AUGUSTO;1
JOAO ROLLA FILHO;10
MARROM;1
BOM SUCESSO;7
PARANAN;1
PARAOQUENA;1
PASSA QUATRO;2
PASSA TEMPO;7
MARFIM;3
DOS OPERARIOS;1
ORION;1
OSCAR TROMPOWSKY;7
JOSE MARIANO DRUMOND;1
OTAVIANO GOMES;2
OTAVIO BARRETO;1
OTAVIO CARNEIRO;1
OTAVIO DIAS LEITE;1
OTAVIO OTONI;1
DOS OTONI;3
DO OURO;13
OURO PRETO;8
OUTONO;3
OZANAM;1
DONA CIDINHA STUSSI;1
ANTONIO FERREIRA DE BARROS;2
OLAVO BILAC;5
OLIGISTO;1
OLIMPIO DE ASSIS;6
OLINDA;6
OLINTO MAGALHAES;8
OLINTO MEIRELES;63
OLIVEIRA;2
OLIVER;1
OMEGA;2
GENERAL EPHIGENIO RUAS SANTOS;1
NOVA ERA;1
NOVARA;4
ANTONIO MARCAL SAMPAIO;3
GERSON MORETHSON;1
CARMELITO MOREIRA DOS REIS;1
MONSENHOR ARTUR DE OLIVEIRA;1
ALTAIR;1
HOMERO DE OLIVEIRA;1
NOVO MUNDO;1
OCARA;1
ODILA GONCALVES;1
ODILON DIAS PEREIRA;1
OESTE DE MINAS;1
OHM;1
OIAPOQUE;4
ADELINA SALES PEREIRA;1
CAETANO DE VASCONCELOS;2
DAS CLARISSAS;2
EDITH MELLO SILVA;1
NOSSA SENHORA DO CARMO;88
CURIMATA;2
CAPELINHA;3
CAPETINGA;1
CAPELA NOVA;1
CAPITAO BRAGANCA;1
ANTONIO RODRIGUES FROES;1
CAJUI;2
JOSE ROCHA PAIXAO;1
CALDAS;1
CALIFORNIA;3
CALUNGA;1
CAMANDUCAIA;1
DOS CAMARGOS;9
CAMBUI;1
CAMBUQUIRA;3
ANTONIO GRAVATA;1
CAMOES;6
CABRALIA;1
CACHOEIRINHA;8
CACHOEIRA DO CAMPO;3
CACHOEIRA DE MINAS;2
CACUERA;4
CAETANO DE AZEREDO;8
CAIANA;1
DOS CAETES;23
CAMPINAS;4
OLIVIA MARIA DE JESUS;8
CAMPO FORMOSO;4
CAMPO GRANDE;1
CAMPOS ALTOS;1
CAMPOS ELISEOS;9
JUDA;2
ANTONIO PEIXOTO GUIMARAES;2
BOTUCATU;6
JOSE OVIDIO GUERRA;5
BOTUROBI;1
BR TREZENTOS E CINQUENTA E SEIS;70
BRAGA;1
BRAGANCA;1
BRAZ BALTAZAR;1
BRASIL;34
BRASILEIA;8
BRASILIA;1
TENENTE BRITO MELO;7
BRUMADINHO;6
BUENO BRANDAO;2
BUENOS AIRES;2
BURI;1
ELCE RIBEIRO;2
MIGUEL MOYSES;2
PADRE ARGEMIRO MOREIRA;6
FRANCISCO RODRIGUES DE MIRANDA;3
BOLIVAR;2
BOLIVIA;4
SAO CAETANO;1
TEREZA CRISTINA;17
VICENTINA MARIA FREITAS;1
PROFESSOR PEDRO ALVARENGA;1
SANTO ANTONIO;2
GERALDINA DE ALMEIDA;1
ACESSO UM;1
ITAMARATI;1
SAO FIDELIS;4
MUZAMBINHO;6
EMILIO DE MENEZES;1
TEREZINHA LOPES DE AZEVEDO;1
BRAUNAS;4
NACIP RAYDAN;4
LECY GOMES BARBOSA;1
NADIR;5
MARIA IGNEZ ABIJAUDI;1
NEWTON DA COSTA SILVEIRA;1
NHANDUTI;1
NILO;1
NIQUEL;1
NIQUELINA;25
HERALDO BELISARIO;1
NOGUEIRA DA GAMA;2
NORONHA GUARANI;1
NORTE;1
MINISTRO OLIVEIRA SALAZAR;25
NELSON HUNGRIA;5
MONTEIRO LOBATO;1
MONTESE;3
RIBEIRAO DAS NEVES;1
MUCURI;2
MENDANHA;1
MENDES DE OLIVEIRA;2
MERCEDES LUIZA MIRANDA;3
MESQUITA;4
MESSINA;1
MESTRE LUCAS;2
CLARA NUNES;9
MEXICO;4
MINDURI;8
MINERVA;4
MIOSOTIS;1
MIRAMAR;2
MIRANDA RIBEIRO;2
MODESTINO SALES BARBOSA;1
MOEMA;5
MOGI;2
MONSENHOR HORTA;1
AMERICO MARTINS DA COSTA;5
MARZAGANIA;8
MATERLANDIA;1
MATIAS CARDOSO;5
MATO GROSSO;15
MATUTINA;1
MEIRA DE VASCONCELOS;1
DO MEL;1
MELO FRANCO;1
FRANCISCO DUMONT;3
VALDIANO MARTINS INACIO;3
BONFIM;1
BONFIM DE ABREU;2
BEGONIA;4
BELFORT ROXO;1
DOS SALESIANOS;3
BENJAMIM FLORES;5
BENJAMIN FLORES;6
PAULO PAPINI;2
BENJAMIM JACOB;2
BENVINDA DE CARVALHO;1
BERNARDINO DE LIMA;1
BERNARDES CARVALHO;1
BERNARDO GUIMARAES;9
BERNARDO MASCARENHAS;3
BERNARDO MONTEIRO;11
BEZERRA DE MENEZES;1
BOA ESPERANCA;1
BOA VISTA;1
BOAVENTURA;9
BASILIO DA GAMA;4
BATES DO BRASIL;1
DENVER;1
BEBERIBE;1
BOAVENTURA COSTA;8
BOGARI;1
BOGOTA;4
GUAIBA;1
AVAI;6
AVE DO PARAISO;2
DOUTOR AMERICO GASPARINI;1
JULIO DE CARVALHO;1
JULIO KLEIN TEIXEIRA;1
JOAO SAMAHA;14
JOSE FELIX MARTINS;19
ANTONIO JOSE DOS SANTOS;15
DOS BACURAUS;1
PROFESSOR BAETA NEVES;1
BALSAMAR;3
BAMBUI;2
DOS BANCARIOS;1
SAO BERNARDO DO CAMPO;1
JOAO MARTINS DE SOUZA;1
BARAO DE CAMARGOS;1
BARAO DE IBITURUNA;1
BARAO DE INDAIA;1
BARAO DE MACAUBAS;4
RISOLETA NEVES;76
EX COMBATENTE JOAQUIM ZEFERINO;1
DEPUTADO ALVARO ANTONIO;5
MARIA LETICIA;2
MONTE ALEGRE;5
MONTE ALVERNE;10
MONTE BRANCO;3
MONTE CASTELO;3
MONTE LIBANO;7
MONTE NEGRO;1
MONTE SANTO;8
MONTE SIMPLON;3
MARECHAL HERMES;2
GERALDO RIBEIRO;1
MARIA BEATRIZ;12
MARIA DE CARVALHO;1
MAURILIO GOMES DA SILVEIRA;4
EXPEDICIONARIO ANTONIO ESTEVON;1
MARIA DA FE;1
MARIA FELICIA;1
MARIA MARTINS GUIMARAES;2
MARIA DA SILVEIRA;1
MARIANA;8
MARIANO DE ABREU;2
MARIANO PROCOPIO;1
MARILIA;1
MARILIA DE DIRCEU;3
MARIO DUFLES;2
MARECHAL DEODORO;1
FLORIANO PEIXOTO;2
MARIO DE MELO;1
MARIO SOARES;3
MARMORE;4
MARQUES DO LAVRADIO;3
MARQUES DE MARICA;3
MARQUES DE PARANAGUA;1
MARROCOS;1
MARTIM FRANCISCO;1
MARTIM PESCADOR;1
MARTINICA;2
MARTINS ALVES;1
MANAUS;6
MANGABEIRA;9
MANGANES;1
MANGARATIBA;1
DAS MANGUEIRAS;2
DA MANHA;1
MANHUACU;3
MANHUARA;1
MANHUMIRIM;1
FLOR DE PITANGUEIRA;6
MANOEL BANDEIRA;5
MANOEL ELIAS DE AGUIAR;8
MANOEL COUTO;1
MANOEL DINIZ;1
JUDITH BINATTI;2
MANOEL GOMES;1
MANOEL MIRANDA;5
MARABA;2
MARACANA;3
MARAMBAIA;7
MARANHAO;7
MARCELINO FERREIRA;2
MARCILIO DIAS;1
MARCIO LIMA PAIXAO;4
BARAO DE NEPOMUCENO;1
BARAO DE SABARA;1
BARAO DE SARAMENHA;2
BARBARA HELIODORA;1
BARREIRO GRANDE;3
AUGUSTO VELOSO;1
AURELIANO PIMENTEL;1
AURELIA;1
CAMILO PRATES;4
EXPEDITO DE FARIA TAVARES;10
GUIDO BARTOLOMEU MAGALHAES;1
ANTONIO MARCOS DA CRUZ;1
JORNALISTA NICOLAU NETO;1
MARIA FERREIRA DE JESUS;1
LOURDES GONCALVES BARBOSA;2
GOVERNADOR BENEDITO VALADARES;1
LEOPOLDINO DE OLIVEIRA;3
LEOPOLDINO DOS PASSOS;1
LEOPOLDO GOMES;21
LEOPOLDO PEREIRA;1
JURACI;1
JURACY CAMARGO;1
JURAMENTO;7
JUSCELINO BARBOSA;1
GONCALVES CRESPO;1
KEPLER;3
JABAQUARA;2
LEVI COELHO;3
LIBANIA PENA;1
DA LIBERDADE;2
OLIVEIRA FIGUEIREDO;1
JOAO NEIVA;1
JOSE GOMES;5
ANITA BLUMBERG;2
JOSE GONCALVES;7
JOSE ISIDORO MIRANDA;1
JOSE JOAQUIM DA MATA;1
JOSE JORGE FONTE BOA;6
JOSE LINS DO REGO;1
JOSE SOARES;1
JOSE SOARES DA COSTA;1
JOSE SENA;1
JOSE VIOLA;4
DARIO FARIA TAVARES;1
ORQUIDEAS;1
JUAREZ;1
JUATUBA;1
EFIGENIO NUNES PEREIRA;1
DONA JUDITH DE MORAIS E BARROS;3
JUIZ COSTA VAL;2
JUIZ DE FORA;7
POLYNICE RABELLO MOURAO;1
FAUSTO NUNES VIEIRA;1
JULIO OTAVIANO;1
JULIO PIRES MALTA;1
PORTO FERREIRA;2
JUNDIAI;1
JUNO;1
JOSE BISPO;1
LUIZ PAULO FRANCO;12
JOSE CLAUDIO DE SALES;2
JOSE CLETO;18
JOAO CARLOS;9
JOAO CORREA;1
JOAO DA CUNHA;2
JOAO DONADA;1
JOAO DORNAS FILHO;2
JOAO EVANGELISTA;1
JOAO FERNANDES;1
JOAO GOMES;1
JOAO GUALBERTO FILHO;12
JOAO LUCIO BRANDAO;1
JOAO DE DEUS MATOS;1
JOAO PINHEIRO;13
VELUSIANA VALERIO RODRIGUES;1
OITOCENTOS E SESSENTA E DOIS;1
DA PAZ;1
DOUTORA MARIZA;1
WALDOMIRO LOBO X CRISTIANO MACHADO;5
BR ZERO QUARENTA X ANEL RODOVIARIO;2
MAESTRO FRANCISCO FLORES;1
PROFESSOR MAGALHAES PENIDO;4
MAGNO MOURA;3
MAGNOLIA;4
MAJOR DELFINO DE PAULA;10
MALAQUITO;4
MALDONADO;1
LUCIA MIGUEL PEREIRA;2
LUCIO DOS SANTOS;3
LUDGERO DOLABELA;2
LUIZ BRANDAO;2
LUIZ LYRIO;1
LUIZ FERNANDO;1
PAULO TIMOTEO NASCIMENTO;2
LIDIA;3
LIDIA DE MELO;4
LIGNITO;4
ARISTOLINO BASILIO DE OLIVEIRA;12
LINDOIA;1
LINDOLFO DE AZEVEDO;6
DOS FLOCOS;1
LETA DE SOUZA ALVES;3
PIRATINI;1
LISIO BARRETO;1
LONDRINA;1
LORCA;4
LORENA;3
LUZ;1
LUME;1
BOM JESUS DO LIVRAMENTO;1
MACAE;3
MACARENA;1
MACHADO;2
DORIVAL MACHADO;2
DA ABOLICAO;1
MACHADO NUNES;3
LADAINHA;1
LAFAIETE BRANDAO;1
LAGOA DA PRATA;10
LAGOA SANTA;2
LAGOINHAS;1
PAULINIA;1
LAVRAS;3
LEME;2
LEONCIO CHAGAS;1
LEOPOLDINA;6
ALAMEDA OURO PRETO;1
ANEL RODOVIARIO X CRISTIANO MACHADO;10
SAO FRANCISCO X PRESIDENTE ANTONIO CARLOS;3
WALDYR SOEIRO EMRICH X ANEL RODOVIARIO;5
DOIS MIL DUZENTOS E QUARENTA E SETE;1
INDEPENDENCIA;6
FERNANDO SABINO;1
PASTOR ANSELMO SILVESTRE;3
APUCARANA;4
ARAPORA;1
ARARIBA;4
JOAO VIANNA;1
JOAQUIM FELICIO;4
JOAQUIM FRANCISCO DA SILVEIRA;3
SEBASTIAO FABIANO DIAS;2
JOAQUIM MURTINHO;3
JOAQUIM DE PAULA;3
JOAQUIM RAMOS;1
JOANA ANGELICA;2
JOAO ALFREDO;1
JOAZEIRO;1
JOHNSON;2
JORDAO;1
JORNALISTA WANDER MOREIRA;1
JOSAFA BELO;3
JOSE DE ALENCAR;7
JOSE MARIA BOTELHO;1
ITUMIRIM;1
ITUVERAVA;1
ALTINOPOLIS;3
YUCATAN;2
VEREADOR ANTONIO ZANDONA;1
WALDEMAR FALCAO;1
JABIRU;3
JABOATAO;3
JABOTICABAL;1
K;1
JACARINA;2
JACI NOGUEIRA;1
G;1
JACUI;106
JACUIPE;1
JACUTINGA;14
JADE;1
TARUMIRIM;1
JAGUARI;7
JAGUARIBE;1
JAMAICA;1
JANAITIBA;2
JANAUBA;2
JANDAIA;2
JANUARIA;5
DOUTOR JARBAS VIDAL GOMES;1
JATAI;1
ITAUNENSE;1
ITAVERAVA;1
ITORORO;10
ITU;1
BRODOSQUI;1
JAVA;1
DOS JAVAES;2
JEFFERSON;2
JEQUERI;1
ABADIA DOS DOURADOS;1
IRAI;8
IRAJA;1
IRIBA;1
IRLANDA;2
IZABEL BUENO;12
ASSIS CHATEAUBRIAND;13
ATACARAMBU;3
DOS ATLETICANOS;12
ANGELO RABELO;2
ANHANGUERA;2
ANIBAL BENEVOLO;6
SIMAO PEREIRA;1
ALTO GUANDU;2
ALVARO CAMARGOS SOBRINHO;1
IGINO BONFIOLI;1
SALGUEIRO;3
AMERICO MACEDO;2
AMERICO VESPUCIO;21
ANDARAI;1
ANDRADA E SILVA;4
ANDRE CAVALCANTI;14
AGNELO MACEDO;5
ALBERTO CINTRA;5
ALCIDES LOBO;3
ALCINDO VIEIRA;5
ALETES;2
ALIPIO DE MELO;5
ALMANDINA;2
ABAETE;1
ABEILARD PEREIRA;1
FURQUIM WERNECK;13
SABRINA FERREIRA DE OLIVEIRA;1
ISMENIA TUNES;1
ITABERA;2
ITACOATIARA;1
ITACOLOMITO;2
DEL REY;5
FREI TITO;1
ALABANDINA;4
ITAI;1
ITAITUBA;23
ITAJOBI;1
ITAMAR;3
ITAMARANDIBA;1
ITANHANDU;1
ITAPARICA;1
ITAPECERICA;6
ITAPEMA;2
ITAPEMIRIM;1
HERACLITO MOURAO DE MIRANDA;32
ITAPEVA;2
GERALDO DIAS;2
ERNESTO PEREIRA;1
IPE;1
DO IPE AMARELO;1
DO IPE BRANCO;4
ITARARE;2
GERALDO TEIXEIRA DA COSTA;1
ITATINGA;1
ITAU;16
IPIRANGA;4
JOSE DUARTE FERREIRA;1
IBIA;2
IBIRACI;2
ANTONIO DE SOUZA GOMES;3
ICA;2
ICARAI;5
IGUASSU;1
ILHA GRANDE;3
IMBIACA;3
DOS IMBIRAS;1
DOS INCAS;1
INDIANA;5
INDIANOPOLIS;1
MANJERICAO;5
INDUSTRIAL JOSE COSTA;2
DOS INDUSTRIARIOS;6
INGA;2
INGLATERRA;2
HUGO WERNECK;9
INHAUMA;1
IPANEMA;1
HAITI;3
SANTA TEREZA;4
EDUARDO HENRIQUE MENDES;1
SEIS;4
MINUETO;1
FABIO COURI;1
JOAO NASCIMENTO PIRES;1
NUNO TRISTAO;1
THEODORO BONFIM;2
DOS ENGENHEIROS;28
DOS ADVOGADOS;1
HENFIL;9
CHRISTIANO MARTINS DA SILVA;1
OSCAR LOBO PEREIRA;10
NENEM LARA ROCHA;3
NILZA MARIA CARVALHO;1
LUIZ VAZ DE TORRES;1
SAO JACINTO;3
ABSINTIO;3
AROEIRA DO SERTAO;1
GERALDO PEDRO DOS SANTOS;1
BERENICE RIBEIRO DE MIRANDA;2
GAVIAO;1
GRAO DE OURO;1
JOSE DE PATROCINIO PONTES;1
REGINA TEIXEIRA DE PAIVA;2
JUAREZ TEIXEIRA PINTO;6
MOACYR FROES;1
CONCEICAO OLIMPIA SOARES;1
SERRA DA BOA ESPERANCA;1
GOVERNADOR ISRAEL PINHEIRO;2
GERALDO FARIA DE SOUZA;5
PEDRO ALEXANDRINO BORGES;2
GURUPA;1
DOUTOR ARMANDO DUARTE;1
LUIS DELFINO;1
ITAITE;7
ITAPETINGA;5
ITAQUERA;5
ALAMANDA;1
DESEMBARGADOR JORGE FONTANA;3
JOAQUIM SOARES;2
SEVERINO MELO JARDIM;2
MARECHAL HENRIQUE LOTT;1
JOSE CAVALLINI;1
JULIO DE CASTILHO;6
JULITA NOGUEIRA SOARES;6
LEVINDO LOPES;1
LUCILIO DE ALBUQUERQUE;1
MADUREIRA;1
DO RETORNO;1
ESTACAO VILARINHO;2
GASTAO DA COSTA PINHEIRO;1
JORNALISTA ABRAHAO SADI;2
EUGENIO RICALDONI;3
ROSA AMELIA ARAUJO;1
WILSON ABRAO ABDO;4
CARNAUBA;4
MARIA JOSE ALCHAAR;1
AJAIR DE ALMEIDA COSTA;5
JOAQUIM ARISTOTELES DE OLIVEIRA;2
CARLOS LACERDA;2
EVERARDO VIEIRA;1
MANILA;6
GEORGIA;2
REGINALDO CUNHA BALAGUER;1
PROFESSOR MAGALHAES DRUMOND;1
DAS MAITACAS;1
MAJOR LOPES;2
MONDOVI;1
MARIA;2
MARIA AMELIA MAIA;17
JOSE ALVES DE SOUZA;3
MARILAC;1
ANTONIO BANDEIRA;7
CAETANO PIRRI;11
MOEDA;1
FERNANDO DE NORONHA;6
HOMERO;1
CLEANTO;4
CONDE DE MONTE CRISTO;4
NELSON SOARES DE FARIA;2
SILVESTRE BONFIM DOS SANTOS;3
ANORI;1
SENHORA DA PAZ;4
ENGENHEIRO CALDAS;1
IRACEMA SOUZA PINTO;1
DEPUTADO ANUAR MENHEN;4
MARIA DE LOURDES MANSO;2
OTACILIO NEGRAO DE LIMA;109
DOIS MIL DUZENTOS E VINTE E UM;2
DO IPE ENCANTADO;1
C;1
ANEL RODOVIARIO CELSO MELLO AZEVEDO;842
SESSENTA E OITO;4
EMILIA BROCHADO;1
DESEMBARGADOR FELIPPE IMMESI;6
MANOEL PEREIRA JUNIOR;1
CYRENE CRIVELLARI BELLONIA;1
CRISTIANO OTONI;3
JEQUITAI;3
LIBANO;4
ARTUR BERNARDES;10
TAMARIX;2
JOAQUIM RIBEIRO COSTA;2
RADIALISTA JOAO SPOSITO;1
DAS FLORES;1
SANTA HELENA;1
LUANDA;1
ESTRELITZIA;2
JOAQUIM JOSE DINIZ;2
GILSON BRETAS;1
MINISTRO OROZIMBO NONATO;4
MAURITANIA;1
SOUZA DANTAS;1
EUNICE LUCCHESI;1
PROFESSOR LINCOLN CONTINENTINO;2
JOSE MOURAO;1
FRANCISCO JONAS SANTANA;1
GERALDO DE OLIVEIRA;1
ANTONIO SIMIAO DA COSTA;1
DAS QUARESMEIRAS;2
PARNAIBA;2
CHEIK NAGIB ASSRAUY;5
DJALMA VIEIRA CRISTO;3
JOINVILLE;1
MANOEL SABINO NOGUEIRA;1
CRICARE;1
PORTUGAL;85
DOUTOR CRISTIANO REZENDE;24
PROFESSOR OCTAVIANO DE ALMEIDA;1
PROFESSOR RAPHAEL HARDY;1
ANDRE REBOUCAS;1
DOMINGOS GARCIA;1
JOSE BONIFACIO MENDES;2
PROFESSOR MANOEL CASASSANTA;1
ALEIXO LOURENCO DE GOUVEIA;2
RAMALHO ORTIGAO;4
RAUL SOARES;14
JOSE MAURICIO VEIGA;4
DA RESSURREICAO;2
GRAMADO;1
CAPIM BRANCO;6
MICHEL JEHA;2
DONA BELA;1
JARDIM DO VALE;1
SAO JOSE;1
EFIGENIO FRANCISCO FAUSTINO;1
DAS PETUNIAS;12
ALADIN CORREA DE FARIA;6
ANTONIO FERNANDES CAPANEMA;1
ILIDIA PAULINA CRUZ;1
MARIA JOSE DE JESUS;1
PEDRO FELICIANO DE CARVALHO;1
MANOEL MIRANDA DOS SANTOS;3
DALILA MAIA;1
ALUIZIO CAMPOS DO AMARAL;1
SERRA GERAL;2
COVA IRIA;1
OTY DA COSTA LAGE;1
PROFESSOR SYLVIO DE VASCONCELLOS;1
LEIRIA;1
PORTO;2
AVEIRO;1
MARGARIDA ASSIS FONSECA;2
FUNDAO;1
AMPARO DA SERRA;1
OSASCO;1
SANTOS DUMONT;12
ARTURO TOSCANINI;1
DOUTOR CRISTIANO GUIMARAES;32
SAO GONCALO;1
SAO GREGORIO;1
RUBENS DE SOUZA PIMENTEL;2
BASTOS;1
SAO LEOPOLDO;4
SEBASTIAO DE BARROS;1
ASTOLFO DUTRA;4
NESTOR VILELA LIMA;2
SERMAO;1
SERRANA;25
ENGENHEIRO JOSE GUIMARAES;1
DESEMBARGADOR PEDRO LICINIO;1
SETE DE SETEMBRO;5
SILVEIRA;1
GENTIL TEODORO;1
TABATINGA;1
ANDESITA;3
TENENTE ANASTACIO DE MOURA;5
CHAFARIS;1
ANTIGA PARA LAGOA SANTA;7
SARGENTO LEVY MACHADO;1
AUGUSTA SACCHETTO SCALZO;2
DO SANATORIO;3
CLEMENTE BORGES DOS SANTOS;1
RADIALISTA ABEL DOS SANTOS;1
CASTELO MONTALVAO;1
CASTELO RODRIGO;2
CAMPOS SALES;8
TITO BOTELHO MARTINS;1
CECILIA FONSECA COUTINHO;1
NILO ANTONIO GAZIRE;4
ASPASIA DE MIRANDA MOURAO;1
PROFESSOR ALVINO DE PAULA;1
MARCELO ROBERTO LINHARES;8
CASTELO DE BELMONTE;1
CASTELO DE ALENQUER;1
DAS PIRAMIDES;1
BENVINDO GUIMARAES;1
MARCELINA FRANCISCA DA FONSECA;1
GERALDO ROSA FILHO;1
CONCEICAO DO PARA;11
DAVID NASSER;1
PROFESSOR HERMINIO GUERRA;4
EDGARD TORRES;13
RADIALISTA ARMINDO AMARAL;1
TERENCIO TORRES;1
VALTER DE ABREU;2
OLEIROS;1
UBERLANDIA;2
JORNALISTA WALDIR LAU;1
REPUBLICA TCHECA;2
DETETIVE NELSON SILVA;1
ESTRELA DOS NAVEGANTES;1
URSULA PAULINO;49
SOLDADO MANOEL FERREIRA;1
JORNALISTA GERALDO ALVIM;1
VINTE E UM DE ABRIL;5
PAULO ARBEX;2
JOSE LIMA DE ALMEIDA;4
ARISCO;1
PARAIBA;2
SANTA ALBERTINA;4
RENASCENCA;1
FATIMA SIMOES;1
JOANITA MENEZES SOARES;1
CERRO AZUL;2
DOS CANOEIROS;1
DAS MACIEIRAS;1
DAS NECTARINAS;1
JOSE ALENCAR;2
IRENA SENDLER;1
VICENTE DIAS MELO;1
DO FAROL;1
ARTUR DE CASTRO CUNHA;3
ERNANI AGRICOLA;1
ULISSES MARCONDES ESCOBAR;1
PAULO DINIZ CARNEIRO;4
JOSE HEMETERIO ANDRADE;1
ITAMAR TEIXEIRA;3
CHOPOTO;1
OSORIO DUQUE ESTRADA;4
JOAQUIM TEIXEIRA DOS ANJOS;2
ANTONIO RODRIGUES DA COSTA;1
AFFONSO SILVIANO BRANDAO;1
DEPUTADO ANTONIO LUNARDI;3
FREDERICO KNIPP;1
SANTA TEREZA DE AVILA;1
FRANCISCO FALEIRO LOPES;1
RADIALISTA MURILO CLAUDIO;1
BARAO DE LEOPOLDINA;4
MONTE VERDE;1
VALAO;1
VIOLETA DE MELO;5
SERGIO MIRANDA MOREIRA;1
BARBACENA;17
PEDRA DO MAR;1
PEDRO AMERICO;1
ANTUERPIA;1
JOSE RIBEIRO FILHO;2
SEBASTIAO CLEMENTE DE SOUZA;1
JOSE FURLETTI;1
CONSUELO;4
PROFESSOR MOACIR GOMES DE FREITAS;1
DOS ECONOMISTAS;1
RADIALISTA ORLANDO ARCANJO;1
LUIZ SOARES DA ROCHA;1
JOVINIANO LUCAS DE ALMEIDA;1
AUGUSTA ANDRADE LAGE;2
SALVIA;2
DOMINGOS RODRIGUES COSTA;1
JERIBA;1
MARECHAL FALCONIERE;5
RAUL MOURAO GUIMARAES;3
LIGURIA;2
ARACY GUIMARAES ROSA;2
JEFFERSON COELHO DA SILVA;1
EFIGENIA MIRANDA SCHETTINO;2
TRES MIL E SETENTA E QUATRO;1
WILSON MODESTO RIBEIRO;1
MONTE CARMELO;1
HEITOR MENIN;4
CATALUNHA;2
CATUMBI;2
LUIZ LEITE DE FARIA;1
MADRE PAULINA;7
JOAO ANTONIO CARDOSO;2
BENJAMIM MARTINO;1
MARIA ANTONINA ALVES;2
DANTAS;1
CONDE DE LINHARES;11
CONDE DE PRADOS;3
CONSELHEIRO CARNEIRO DE CAMPOS;1
CONSELHEIRO LAFAIETE;16
MOMBACA;2
JOSE SEBASTIAO DAHER;1
JOSE LOPES MURADAS;2
GERALDA CIRINO FLOR DE MAIO;1
CHICO REI;1
DAVID RABELO;8
DEMIZA;1
DESEMBARGADOR BARCELOS;13
DESEMBARGADOR OLIVEIRA ANDRADE;1
BARROSO NETO;1
ADALBERTO FABEL;1
METALIG;3
RADIALISTA MARIO ROSA;1
BERNARDO FIGUEIREDO;1
BRAULIO GOMES NOGUEIRA;10
ANTONIO ABRANTES FORTUNA;2
BERNARDINO VENTURA;1
LINDOLFO COLOR;1
ONDINA PEDROSA NAHAS;2
EXPEDICIONARIO PAULO DE SOUZA;7
JOSE LUIZ DIAS DUARTE;1
DAS LATHANIAS;6
ONOFRE D'OLIVEIRA;2
IRACI JOSE DA SILVA;1
EXPEDITO FLAVIANO DA COSTA;1
PEDRO ROCHA POSSAS;1
JORDELINA MARIA DO CARMO;1
JOVINO RODRIGUES PEGO;1
MARIA FELIPE DE ARAUJO;1
CORREAS;1
MANOEL LOPES DE SIQUEIRA;1
ANDREIA MARGARETTE CAMILO;1
ALBERTO MARTINS;1
SARDENHA;11
RIBEIRAO PRETO;1
BAGATELLE;2
DEJANIRA DE OLIVEIRA MARQUES;1
EXPEDICIONARIO NORALDINO ROSA DOS SANTOS;3
BENJAMIM DIAS;3
MARIA MARTINS;5
DAS MELANCIAS;5
COSTA RICA;1
GENEBRA;1
FRUTUOSO VIANA;1
DO CANAL;11
TAQUARI;4
ROTARY PADRE EUSTAQUIO;1
ARARUANA;1
NOSSA SENHORA DA PAZ;1
JOSE CALDAS;1
ALFEU GONCALVES QUEIROGA;2
XANGRILA;5
FREI ANDREONI;1
OCIDENTAL;1
DOUTOR FRANCISCO SILVEIRA;1
VIRGILINO ROSA;1
VISCONDE DE CAIRU;2
XAPURI;1
XAVIER DE GOUVEIA;1
DAS VERBENAS;1
VICENTINA DE SOUZA;1
CAPITAO NELSON ALBUQUERQUE;3
ANTONIO EUSTAQUIO PIAZZA;19
OURINHOS;1
VARGINHA;12
TURFA;2
MANSUETO FILIZZOLA;2
JOSE FANTE;1
CARLOS TORREZANI;1
SENADOR MILTON CAMPOS;2
GUMERCINDO COUTO E SILVA;2
MAURO JOSE BRITO;1
FRANCISCO BRETAS BHERING;7
DOM JOAO PIMENTA;1
DOM JOSE GASPAR;2
DOM JOSE PEREIRA LARA;1
DOUTOR BENJAMIM MOSS;1
DOUTOR BROCHADO;2
SEBASTIAO DOS SANTOS;9
DELIO VIEIRA SALOMON;1
DOUTOR GORDIANO;2
DOUTOR JULIO OTAVIANO FERREIRA;5
DOUTOR SETTE CAMARA;1
PAULO ALVES DE VASCONCELLOS;1
PROFESSOR AMARO XISTO DE QUEIROZ;1
CORONEL MANOEL ASSUNCAO;1
RAIMUNDO EZEQUIEL DA PAIXAO;1
AUGUSTO FERREIRA DOS SANTOS;3
JOSE GOMES DOMINGUES;1
JOSE FALEIRO;1
DOS BORGES;8
SOCRATES;5
OZENIL JOSE DE OLIVEIRA;1
GONCALO DE SOUZA BARROS;2
LEONCIO JOSE RODRIGUES;1
TENENTE ALIPIO SERPA;1
JOSE MOURA DA SILVA;1
RENE RENAULT;2
JOSE BARSAND DE LEUCAS;1
ALVARO LICERIO DA COSTA;4
LUIZ PONGELUPE;1
GOVERNADOR BENEDICTO VALLADARES;4
TIRO;1
MAFRA;3
TATUAPE;1
TAUBATE;1
JOSE SIMPLICIO MOREIRA;8
SILVA JARDIM;1
SILVA REIS;1
SILVEIRA MARTINS;1
SERRA AZUL;1
VERONICA;7
SAO DOMINGOS DO PRATA;3
SAO FRANCISCO DE CHAGAS;1
GUIMARAES;1
SANTA MARTA;3
SANTA QUITERIA;6
SANTA TEREZINHA;17
SANTA ALEXANDRINA;3
SANTA CRUZ;3
ROSANGELA;1
RESSACA;7
REVERENDO CICERO SIQUEIRA;1
CATULO DA PAIXAO CEARENSE;2
QUINANTE;1
RAIMUNDO CORREIA;2
RAMOS DE AZEVEDO;1
DOUTOR RAUL DE BRITO;1
PIUM I;10
PIRACEMA;2
PIRANGUINHO;3
PIRAQUARA;1
PIRATUBA;1
PEDRINOPOLIS;2
SERRA JOSE VIEIRA;1
PINTOR VISCONTI;2
PADRE CORREIA DE ALMEIDA;1
DAS PALMEIRAS;1
DOS PAMPAS;2
PANDIA CALOGERAS;1
PARAMIRIM;1
PARMA;1
ORIENTE;4
OLIVEIRA LISBOA;1
CANARIO;3
NOVA LIMA;2
NUNES VIEIRA;1
ODILON BRAGA;5
DOM PEDRO I;125
NASCIMENTO;4
NATAL;3
NELSON;1
ITAMAR FRANCO;1
ESTRELA DO SUL;2
EULER;1
DAS ALMAS;3
ANGELA BENAREGES;1
MARCO AURELIO PRATES;2
OLIMPIO DA SILVA LIMA;1
FERNANDO LOBO;3
FLOR DO BAILE;1
BANDEIRA DO SUL;1
ALGAS;2
DUARTINA;1
BELEM;15
SEBASTIAO SANTANA FILHO;1
HERCULANO SOARES ROCHA;2
CUCO;2
JUVENTINO DIAS;1
TEOFILO FILHO;3
PROFESSOR MARIO WERNECK;36
RITA NUNES LEITE;1
AMANDA;4
IRACEMA BRASILIENSE;2
ROSARINHA SIMOES BAETA;1
PEDRO LABORNE TAVARES;1
GILBERTO FREIRE;2
MERCURIO;1
NORALDINO LIMA;3
MAURICIO DE NASSAU;1
MONTES CLAROS;6
MORADA NOVA;1
MARCELO COSTA TAVARES;2
MIGUEL ANGELO;3
MATOS DA SILVEIRA;2
MEYER;2
MEM DE SA;38
MARIETA MACHADO;1
MARIO MARTINS;1
MARCOS DE OLIVEIRA;2
MARTIM DE CARVALHO;8
MANOEL MACEDO;4
MANOEL PASSOS;3
MANTIQUEIRA;2
MAIRINK;1
MAJOR BARBOSA;1
MALACACHETA;4
LUMENA;1
LIMA DUARTE;2
LONDRES;1
LUTHER KING;2
CAMBE;3
JUNQUILHOS;12
JUREMA;1
JURUA;2
JOVIANO COELHO;3
JUACEMA;1
JOSE BARONI;1
JOSE BENTO;1
JOSE CLEMENTE PEREIRA;3
JOAO XXIII;16
HERCULANO MOURAO SALAZAR;2
JOAQUIM DE FIGUEIREDO;8
ITUIUTABA;2
JACAREPAGUA;4
JACEGUAI;2
INGAI;3
DAS JAQUEIRAS;1
JARI;5
ITOBI DO OESTE;1
IRMA EUFEMIA;1
ITAJUBA;13
ITAPERUNA;1
IARA;1
IBERTIOGA;1
IRACY SANTOS AMARAL;1
FRANCISCO DESLANDES;4
FRANCISCO SA;32
ARAPE;1
APARECIDA FEITOSA FURTADO;2
JARDIM FLORESTAL;1
MARIA ANTONIETA FERREIRA;2
DAS AGUAS;2
TREM DE FERRO;1
MARIA COLARES PACHECO;1
MANOEL RUBIM;4
JOAO DE DEUS TAVARES;1
BERNARDO DE VASCONCELOS;42
FREI MARTINHO BURNIER;4
JOSE FARIA TAVARES;1
MARIANA OLIVEIRA TAVARES;2
LEONIDIA TEIXEIRA DE LIMA;1
NIZIO TORRES;2
MIGUEL PEREIRA DE LACERDA;1
JOSE FLAUSINO;5
BIAS FORTES;44
GLORIA NAS ALTURAS;1
TUJUTUI;1
CORONEL ALBERTO GOMES;2
TAIOBEIRAS;1
CONTRIA;2
COELHO NETO;1
CONDE RIBEIRO DO VALE;4
CONGONHAS;3
CONSELHEIRO GALVAO;2
CAPITOLIO;2
CARANCHO;1
CARAVELAS;2
CARDEAL STEPINAC;1
CARIRI;1
CARMELA ALUOTTO;1
CANDELARIA;1
CANDIDO LUCIO;1
CALABRIA;4
CALDEIRA BRANT;1
CAMPANARIO;1
CABROBO;1
CACATUA;1
CACHOEIRA DOURADA;2
CACONDE;1
DOUTOR BENEDITO XAVIER;18
CANAA;1
CANANEIA;2
BONINAS;3
BUARQUE DE MACEDO;1
BOM RETIRO;1
BONAPARTE;4
BELMIRO BRAGA;12
BENEDITO SANTOS;2
BIMBARRA;2
BOACHA;1
AZURITA;1
DOS BANDEIRANTES;27
BARAO DE PETROPOLIS;1
BARBOSA DE REZENDE;2
MARIETA PULQUERIA DE JESUS;2
SOLDADO IZAIR BARBOSA;1
CONCEICAO SILVANA;2
PENALVA;2
PAULO GONCALVES DOS REIS;1
BARDANA;1
CARMOPOLIS;2
DIVINO ESPIRITO SANTO;1
ANTONIO RIBEIRO DE ABREU;1
JOSE MAURICIO BRANDAO;1
NAIR PENTAGNA GUIMARAES;1
OLGA DIAS DE CASTRO;1
RAIMUNDO GONCALVES FIGUEIREDO;1
NELSON JOSE DE ALMEIDA;3
DOS INCONFIDENTES;3
JOSE FURTADO SOBRINHO;1
HAMILTON;5
HOFFMAN;10
SAIDE HADDAD ANTONIO;2
GRAO MOGOL;2
GRAUNAS;2
GUAICUI;5
GOIAS;2
FREI LUIZ DE SOUZA;3
GABRO;2
GALBA;1
GALILEU;3
GAMA CERQUEIRA;2
GARRET;6
GASTAO CRULS;2
FRANCISCO DA VEIGA;1
FREI LEOPOLDO;1
GENOVEVA DE SOUZA;8
FLOR DA NOIVA;1
FLOR DAS PEDRAS;6
ALIRIO ELIAS FERREIRA;1
FRANCELINA ALVES DE MIRANDA;3
FLAVIO MARQUES LISBOA;2
FRANCISCA LEAO CORREA;1
FAUSTINO ASSUMPCAO;1
DOS EXPEDICIONARIOS;10
DO JATOBA;2
MG CINCO;6
EDSON LUIZ MIRANDA;3
EDUARDO PORTO;3
DONA BINA;1
DONA CARMEM;2
DONA NAIR;1
DOUTOR GERALDO STARLING SOARES;2
DOM AQUINO;4
DOM LEME;2
DOM LUCIO ANTUNES;7
DOM VICOSO;2
DIAMANTINA;2
ELVIRA AUGUSTA;2
SALAMANCA;17
DAVID FONSECA;5
DEOLINDA CANDIDA;1
CURA D'ARS;4
WALDEMAR CORREIA DE ALMEIDA;1
RADIALISTA JOSAFA FLORENCIO;2
RADIALISTA JOSUE POLICARPO;1
AVELINO GIAROLA;1
RADIALISTA CAETANO SILVA;2
RADIALISTA PEDRO ESTEVES;1
BOM JESUS DA PENHA;2
PEQUERI;1
QUINTA DA BOA VISTA;2
PAQUETA;2
VILA VELHA;2
MAR DE ESPANHA;1
FREI HILARIO MEEKES;1
DO CARAPUCA;1
MONTE PASCOAL;1
LIGACAO ANEL RODOVIARIO - SABARA;2
SETE;1
VINTE E QUATRO;1
DO MERCADO;1
ONZE;2
ERVA MATE;1
DONA HELENA GRECO;8
DETETIVE EDUARDO FERNANDES;1
MARIA HELENA ROCHA;2
UBARI;1
TREVO;1
HENRIQUETO CARDINALLI;1
ELIZEU DE LANA CARNEIRO;1
TINGUI;1
JOAO MANSUR KFURI;1
JAIRO BRITO DOS SANTOS;1
ACADEMICO COUTINHO;1
JESUS CRISTO;1
ADELINA SERVE MACHADO;2
CARLOS LAMARCA;1
FERREIRA NETO;1
TRINTA E CINCO;3
GERALDO FERNANDES ROSA;1
DOS SONHOS;1
SINFONIA;1
DOMINGOS RODRIGUES;1
AGRELOS;1
UNIVERSO EM DESENCANTO;1
ANGOLA;2
GASTAO DA CUNHA;2
AIMORES;2
TRES MIL E VINTE E SETE;1
DONA MILOCA;1
ELISEU RESENDE;3
DOS GOITACAZES;32
DOS GUAJAJARAS;38
GUARARAPES;15
SANTO INACIO DE LOYOLA;2
HERCULANO DE FREITAS;4
HUMAITA;3
AMETISTA;1
FAZENDA VELHA;3
JAVARI;4
JOAO FERREIRA CARDOSO;1
DONA NAZINHA;1
JOAQUIM TEIXEIRA DIAS;4
LAGO;1
ANHANGAI;1
JOSE LAVARINI;1
MARIA DA MATTA CASTRO;1
LISBOA;1
GERALDA ROQUE GUACERONI;2
CARMELA PEZZUTI;1
MAGI SALOMON;11
MANDALAY;1
MANUEL NUNES VIANA;3
MARIA AUXILIADORA;3
MARIA CANDIDA;1
MARIA FRANCISCA;3
MARQUEZA DE SANTOS;1
MONTEVIDEU;3
COLETORA DOIS;1
SENHORA DO BRASIL;1
NOSSA SENHORA DE COPACABANA;1
ANTONIO VERGARA;2
PARANAIBA;1
DA PATAGONIA;7
DO PATRIARCA;2
PAULA CANDIDO;1
PEDRA BONITA;5
PETROLINA;6
PLEIADES;2
REZENDE;1
ARI BARROSO;1
SANTUARIO SAO GERALDO;1
SAO JOAO BATISTA DO GLORIA;3
SAO JOAQUIM;2
SAO ROQUE;13
SILVA GUIMARAES;1
SINFRONIO BROCHADO;32
SOUZA GUIMARAES;2
AUGUSTO DOS ANJOS;12
TAPIRAPECO;1
TEODORO DE ABREU;2
TOMAZ GONZAGA;4
DOS TUPINAMBAS;26
TURQUESA;7
ITINGA;1
VIRGILIO DE MELO FRANCO;2
ZURICK;3
CORONEL JORGE DAVIS;2
JOAO GUALBERTO COSTA;1
PRESIDENTE JUSCELINO;1
CARMEM SYLVIA GUIMARAES;1
SAO MARCOS;5
DA BAHIA;49
EDUARDO CARLOS;1
DEZ;1
CHILE;1
DOS AIMORES;11
DONA CONCEICAO MARTINS;2
CONDE DE PALMA;1
CONDE DE SANTANA;1
DA AGUA;1
CORONEL DURVAL DE BARROS;5
ILHA DE MALTA;4
IMBARE;1
DOUTOR CORNELIO ROSEMBURG;1
PEDRA SABAO;2
ITA;1
DONA MARIA MANOELA;1
AGEO PIO;2
ARNALDO LOURENCO;1
LIRIO DA CRUZ;2
ODETE FERNANDES CAMPOS;1
ALMIRANTE ALEXANDRINO;11
MONTE AZUL;1
HORTO;1
DA IGUALDADE;1
FELISBERTA CAMARGOS;2
FLOR BRANCA;1
LESTE;13
